タイトル,タイトルURL,タイトル1,タイトル2,タイトル3,タイトル4,タイトル5,タイトル6,キーワード,タグ,価格,価格7,価格8,概要,概要9,タイトル10,詳細,タイトル11,Like,タイトル13,タイトル14,名前_URL,キーワード17,タイトル19,タイトル20,価格21,タイトル22,タイトル23,タグ25
FORZA　ホテルフォルツァ金沢,"https://www.jalan.net/uw/uwp3000/uww3001.do?stayYear=2025&stayMonth=7&stayDay=26&stayCount=1&roomCount=1&adultNum=2&rootCd=01204526&distCd=05&smlCd=192002&ssc=204526&childPriceFlg=0,0,0,0,0&roomCrack=200000&screenId=UWW1402&yadNo=378719&callbackHistFlg=1",ツインルームは全室バス・トイレ別々★近江町市場から徒歩3分★,石川県 > 金沢・湯涌,https://cdn.jalan.jp/jalan/images/pictL/Y9/Y378719/Y378719374.jpg,https://cdn.jalan.jp/jalan/images/pictM/Y9/Y378719/Y378719663.jpg,https://cdn.jalan.jp/jalan/images/pictM/Y9/Y378719/Y378719526.jpg,https://cdn.jalan.jp/jalan/images/pictM/Y9/Y378719/Y378719928.jpg,"
 
 
 
 
 フォトギャラリー
 
 
 
 ",フォトギャラリー,"
 1泊 大人2名 合計(税込)
 ","14,400円～","1名 7,200円～",4.6,"1,102件",部屋、清潔感、朝食高評価,"
 『武蔵ヶ辻・近江町市場』バス停目の前！主要観光スポットへのアクセス抜群♪コンビニ徒歩約3分。 コーヒーやソフトドリンク、ワインなど複数のウェルカムドリンクをご用意！ 全館禁煙でお子様も安心♪
 ",【アクセス】,宿泊プラン,大人1名(税込),"
 合計(税込)
 
 1泊 大人2名
 
 ","https://www.jalan.net/uw/uwp3200/uww3201init.do?stayYear=2025&stayMonth=7&stayDay=26&stayCount=1&roomCount=1&adultNum=2&rootCd=01204526&distCd=05&smlCd=192002&ssc=204526&childPriceFlg=0,0,0,0,0&roomCrack=200000&screenId=UWW1402&yadNo=378719&planCd=04025252&roomTypeCd=0434924&pageListNumPlan=54_1_1_1&callbackHistFlg=1&ccnt=yadlist_cp_y_1500_sale_y_20_pp_n_0","
 
 ダブル
 
 
 
 
 
 
 
 
 
 
 
 食事なし
 
 
 
 
 
 ","
 
 
 
 
 
 9,500円
 
 
 ","
 7,600円
 ",通常料金,"
 
 
 
 
 
 
 19,000円
 
 
 
 
 ","
 
 
 
 
 
 
 15,200円
 
 
 
 
 ",空室わずか
THE HOTEL SANRAKU KANAZAWA（ザ ホテル山楽 金沢）,"https://www.jalan.net/uw/uwp3000/uww3001.do?stayYear=2025&stayMonth=7&stayDay=26&stayCount=1&roomCount=1&adultNum=2&rootCd=01204526&distCd=05&smlCd=192002&ssc=204526&childPriceFlg=0,0,0,0,0&roomCrack=200000&screenId=UWW1402&yadNo=350199&callbackHistFlg=1",じゃらん OF THE YEAR 2024 泊って良かった宿大賞 石川県 1位！,石川県 > 金沢・湯涌,https://cdn.jalan.jp/jalan/images/pictL/Y9/Y350199/Y350199134.jpg,https://cdn.jalan.jp/jalan/images/pictM/Y9/Y350199/Y350199092.jpg,https://cdn.jalan.jp/jalan/images/pictM/Y9/Y350199/Y350199733.jpg,https://cdn.jalan.jp/jalan/images/pictM/Y9/Y350199/Y350199601.jpg,"
 
 ハイクラス
 
 
 
 
 フォトギャラリー
 
 
 宿ブログ新着あり
 
 
 ",フォトギャラリー,"
 1泊 大人2名 合計(税込)
 ","34,200円～","1名 17,100円～",4.8,376件,朝食、接客、清潔感高評価,"
 【じゃらん OF THE YEAR2024　3部門受賞】金沢観光の中心に位置し、人気観光地へも徒歩圏内。全室32平米以上の快適な客室、さらにクラブラウンジや四季を彩る美しい中庭を誇るラグジュアリーホテル。
 ",【アクセス】,宿泊プラン,大人1名(税込),"
 合計(税込)
 
 1泊 大人2名
 
 ","https://www.jalan.net/uw/uwp3200/uww3201init.do?stayYear=2025&stayMonth=7&stayDay=26&stayCount=1&roomCount=1&adultNum=2&rootCd=01204526&distCd=05&smlCd=192002&ssc=204526&childPriceFlg=0,0,0,0,0&roomCrack=200000&screenId=UWW1402&yadNo=350199&planCd=03574053&roomTypeCd=0528430&pageListNumPlan=54_1_2_1&callbackHistFlg=1&ccnt=yadlist_cp_y_5000_sale_n_0_pp_n_0","
 
 
 
 
 ツイン
 
 
 
 
 
 
 
 
 
 
 朝のみ
 
 
 
 ","
 
 
 
 
 
 50,130円
 
 
 ","
 17,100円
 ",通常料金,"
 
 
 
 
 
 
 100,260円
 
 
 
 
 ","
 
 
 
 
 
 
 34,200円
 
 
 
 
 ",あと2部屋
ホテル・トリフィート金沢,"https://www.jalan.net/uw/uwp3000/uww3001.do?stayYear=2025&stayMonth=7&stayDay=26&stayCount=1&roomCount=1&adultNum=2&rootCd=01204526&distCd=05&smlCd=192002&ssc=204526&childPriceFlg=0,0,0,0,0&roomCrack=200000&screenId=UWW1402&yadNo=304736&callbackHistFlg=1",金沢駅徒歩4分/郷土料理を楽しめる和洋ビュッフェ/大浴場完備♪,石川県 > 金沢・湯涌,https://cdn.jalan.jp/jalan/images/pictL/Y6/Y304736/Y304736146.jpg,https://cdn.jalan.jp/jalan/images/pictM/Y6/Y304736/Y304736248.jpg,https://cdn.jalan.jp/jalan/images/pictM/Y6/Y304736/Y304736240.jpg,https://cdn.jalan.jp/jalan/images/pictM/Y6/Y304736/Y304736105.jpg,"
 
 
 
 
 フォトギャラリー
 
 
 宿ブログ新着あり
 
 
 ",フォトギャラリー,"
 1泊 大人2名 合計(税込)
 ","16,460円～","1名 8,230円～",4.6,433件,清潔感、朝食、風呂高評価,"
 コンセプトは「金沢 Inspire！」非日常で楽しい空間を演出し、旅の途中やお仕事の束の間の休息をより有意義な時間になるようにサポートいたします。新しい日が素敵な1日になりますように・・・。
 ",【アクセス】,宿泊プラン,大人1名(税込),"
 合計(税込)
 
 1泊 大人2名
 
 ","https://www.jalan.net/uw/uwp3200/uww3201init.do?stayYear=2025&stayMonth=7&stayDay=26&stayCount=1&roomCount=1&adultNum=2&rootCd=01204526&distCd=05&smlCd=192002&ssc=204526&childPriceFlg=0,0,0,0,0&roomCrack=200000&screenId=UWW1402&yadNo=304736&planCd=03881865&roomTypeCd=0483863&pageListNumPlan=54_1_3_1&callbackHistFlg=1&ccnt=yadlist_cp_y_2000_sale_y_10_pp_n_0","
 
 
 
 
 ツイン
 
 
 
 
 
 
 
 
 
 
 朝のみ
 
 
 
 ","
 
 
 
 
 
 13,400円
 
 
 ","
 12,010円
 ",通常料金,"
 
 
 
 
 
 
 26,800円
 
 
 
 
 ","
 
 
 
 
 
 
 24,020円
 
 
 
 
 ",空室わずか
ホテルインターゲート金沢,"https://www.jalan.net/uw/uwp3000/uww3001.do?stayYear=2025&stayMonth=7&stayDay=26&stayCount=1&roomCount=1&adultNum=2&rootCd=01204526&distCd=05&smlCd=192002&ssc=204526&childPriceFlg=0,0,0,0,0&roomCrack=200000&screenId=UWW1402&yadNo=362769&callbackHistFlg=1",開業5周年★無料ラウンジサービス・朝食・大浴場が好評価,石川県 > 金沢・湯涌,https://cdn.jalan.jp/jalan/images/pictL/Y9/Y362769/Y362769583.jpg,https://cdn.jalan.jp/jalan/images/pictM/Y9/Y362769/Y362769816.jpg,https://cdn.jalan.jp/jalan/images/pictM/Y9/Y362769/Y362769779.jpg,https://cdn.jalan.jp/jalan/images/pictM/Y9/Y362769/Y362769921.jpg,"
 
 
 
 
 フォトギャラリー
 
 
 宿ブログ新着あり
 
 
 ",フォトギャラリー,"
 1泊 大人2名 合計(税込)
 ","22,524円～","1名 11,262円～",4.5,84件,部屋、清潔感、朝食高評価,"
 兼六園・近江町市場が徒歩圏内。ハッピーアワー・お茶漬けバイキングなど充実の無料ラウンジサービス、地元の食材を使用した朝食ビュッフェをご提供しております。ワクワクで快適な滞在をお楽しみください。
 ",【アクセス】,宿泊プラン,大人1名(税込),"
 合計(税込)
 
 1泊 大人2名
 
 ","https://www.jalan.net/uw/uwp3200/uww3201init.do?stayYear=2025&stayMonth=7&stayDay=26&stayCount=1&roomCount=1&adultNum=2&rootCd=01204526&distCd=05&smlCd=192002&ssc=204526&childPriceFlg=0,0,0,0,0&roomCrack=200000&screenId=UWW1402&yadNo=362769&planCd=03871043&roomTypeCd=0412330&pageListNumPlan=54_1_4_1&callbackHistFlg=1&ccnt=yadlist_cp_y_2000_sale_y_15_pp_n_0","
 
 
 
 
 ツイン
 
 
 
 
 
 
 
 
 
 
 朝のみ
 
 
 
 ","
 
 
 
 
 
 18,400円
 
 
 ","
 15,640円
 ",通常料金,"
 
 
 
 
 
 
 36,800円
 
 
 
 
 ","
 
 
 
 
 
 
 31,280円
 
 
 
 
 ",空室わずか
金沢湯涌温泉　百楽荘,"https://www.jalan.net/uw/uwp3000/uww3001.do?stayYear=2025&stayMonth=7&stayDay=26&stayCount=1&roomCount=1&adultNum=2&rootCd=01204526&distCd=05&smlCd=192002&ssc=204526&childPriceFlg=0,0,0,0,0&roomCrack=200000&screenId=UWW1402&yadNo=379790&callbackHistFlg=1","7-8月がお得！《全員★12,000円クーポン》＆全プランポイント4倍♪",石川県 > 金沢・湯涌,https://cdn.jalan.jp/jalan/images/pictL/Y0/Y379790/Y379790146.jpg,https://cdn.jalan.jp/jalan/images/pictM/Y0/Y379790/Y379790193.jpg,https://cdn.jalan.jp/jalan/images/pictM/Y0/Y379790/Y379790083.jpg,https://cdn.jalan.jp/jalan/images/pictM/Y0/Y379790/Y379790129.jpg,"
 
 ハイクラス
 
 
 
 
 フォトギャラリー
 
 
 
 ",フォトギャラリー,"
 1泊 大人2名 合計(税込)
 ","96,140円～","1名 48,070円～",4.9,42件,夕食、部屋、接客高評価,"
 ●露天風呂付スイート金沢最大級●兼六園から車で15分の温泉街！無料送迎あり●5つの貸切風呂●個室食事♪●ダーツ＆卓球など北陸初Gameラウンジ♪
 ",【アクセス】,宿泊プラン,大人1名(税込),"
 合計(税込)
 
 1泊 大人2名
 
 ","https://www.jalan.net/uw/uwp3200/uww3201init.do?stayYear=2025&stayMonth=7&stayDay=26&stayCount=1&roomCount=1&adultNum=2&rootCd=01204526&distCd=05&smlCd=192002&ssc=204526&childPriceFlg=0,0,0,0,0&roomCrack=200000&screenId=UWW1402&yadNo=379790&planCd=04033640&roomTypeCd=0357605&pageListNumPlan=54_1_5_1&callbackHistFlg=1&ccnt=yadlist_cp_y_12000_sale_y_5_pp_n_0","
 
 
 
 
 
 
 
 和室
 
 
 
 
 
 
 
 
 朝・夕
 
 
 ","
 
 
 
 
 
 51,700円
 
 
 ","
 49,115円
 ",通常料金,"
 
 
 
 
 
 
 103,400円
 
 
 
 
 ","
 
 
 
 
 
 
 98,230円
 
 
 
 
 ",あと2部屋
OMO5金沢片町 by 星野リゾート,"https://www.jalan.net/uw/uwp3000/uww3001.do?stayYear=2025&stayMonth=7&stayDay=26&stayCount=1&roomCount=1&adultNum=2&rootCd=01204526&distCd=05&smlCd=192002&ssc=204526&childPriceFlg=0,0,0,0,0&roomCrack=200000&screenId=UWW1402&yadNo=362327&callbackHistFlg=1",金沢イチのグルメタウン、片町。歩いて美味探索ができる絶好の立地,石川県 > 金沢・湯涌,https://cdn.jalan.jp/jalan/images/pictL/Y7/Y362327/Y362327115.jpg,https://cdn.jalan.jp/jalan/images/pictM/Y7/Y362327/Y362327123.jpg,https://cdn.jalan.jp/jalan/images/pictM/Y7/Y362327/Y362327101.jpg,https://cdn.jalan.jp/jalan/images/pictM/Y7/Y362327/Y362327059.jpg,"
 
 
 
 
 フォトギャラリー
 
 
 
 ",フォトギャラリー,"
 1泊 大人2名 合計(税込)
 ","25,780円～","1名 12,890円～",4.7,164件,清潔感、部屋、接客高評価,"
 江戸から続く華やかな工芸品に彩られた文化が今も息づく金沢。ダルマを模った九谷焼アートも楽しいラウンジで加賀特有のお茶を味わい、片町食事の余韻に浸れば、思わず「あっぱれ！」と心がときめきます。
 ",【アクセス】,宿泊プラン,大人1名(税込),"
 合計(税込)
 
 1泊 大人2名
 
 ","https://www.jalan.net/uw/uwp3200/uww3201init.do?stayYear=2025&stayMonth=7&stayDay=26&stayCount=1&roomCount=1&adultNum=2&rootCd=01204526&distCd=05&smlCd=192002&ssc=204526&childPriceFlg=0,0,0,0,0&roomCrack=200000&screenId=UWW1402&yadNo=362327&planCd=03903444&roomTypeCd=0570701&pageListNumPlan=54_1_6_1&callbackHistFlg=1&ccnt=yadlist_cp_n_0_sale_y_5_pp_n_0","
 
 
 
 
 ツイン
 
 
 
 
 
 
 
 
 食事なし
 
 
 
 
 
 ","
 
 
 
 
 
 13,700円
 
 
 ","
 12,890円
 ",通常料金,"
 
 
 
 
 
 
 27,400円
 
 
 
 
 ","
 
 
 
 
 
 
 25,780円
 
 
 
 
 ",空室わずか
ホテル日航金沢,"https://www.jalan.net/uw/uwp3000/uww3001.do?stayYear=2025&stayMonth=7&stayDay=26&stayCount=1&roomCount=1&adultNum=2&rootCd=01204526&distCd=05&smlCd=192002&ssc=204526&childPriceFlg=0,0,0,0,0&roomCrack=200000&screenId=UWW1402&yadNo=321280&callbackHistFlg=1",JR金沢駅から地下道で直結。金沢の街並みを一望出来る高層ホテル,石川県 > 金沢・湯涌,https://cdn.jalan.jp/jalan/images/pictL/Y0/Y321280/Y321280AQ0.jpg,https://cdn.jalan.jp/jalan/images/pictM/Y0/Y321280/Y321280AO5.jpg,https://cdn.jalan.jp/jalan/images/pictM/Y0/Y321280/Y321280A54.jpg,https://cdn.jalan.jp/jalan/images/pictM/Y0/Y321280/Y321280Aa7.jpg,"
 
 ハイクラス
 
 
 
 
 フォトギャラリー
 
 
 宿ブログ新着あり
 
 
 ",フォトギャラリー,"
 1泊 大人2名 合計(税込)
 ","33,234円～","1名 16,617円～",4.6,"1,789件",朝食、接客、部屋高評価,"
 ◆客室は全室17階以上◆高層階の客室から夜景満喫！JR金沢駅兼六園口より地下道で直結・アクセス抜群な立地に佇みます。チェックイン前／チェックアウト後のお荷物のお預かりも可能です。
 ",【アクセス】,宿泊プラン,大人1名(税込),"
 合計(税込)
 
 1泊 大人2名
 
 ","https://www.jalan.net/uw/uwp3200/uww3201init.do?stayYear=2025&stayMonth=7&stayDay=26&stayCount=1&roomCount=1&adultNum=2&rootCd=01204526&distCd=05&smlCd=192002&ssc=204526&childPriceFlg=0,0,0,0,0&roomCrack=200000&screenId=UWW1402&yadNo=321280&planCd=03376567&roomTypeCd=0541266&pageListNumPlan=54_1_7_1&callbackHistFlg=1&ccnt=yadlist_cp_y_9000_sale_y_15_pp_n_0","
 
 
 
 
 ツイン
 
 
 
 
 
 
 
 
 
 
 朝のみ
 
 
 
 ","
 
 
 
 
 
 25,150円
 
 
 ","
 21,377円
 ",通常料金,"
 
 
 
 
 
 
 50,300円
 
 
 
 
 ","
 
 
 
 
 
 
 42,754円
 
 
 
 
 ",空室わずか
金沢白鳥路　ホテル山楽,"https://www.jalan.net/uw/uwp3000/uww3001.do?stayYear=2025&stayMonth=7&stayDay=26&stayCount=1&roomCount=1&adultNum=2&rootCd=01204526&distCd=05&smlCd=192002&ssc=204526&childPriceFlg=0,0,0,0,0&roomCrack=200000&screenId=UWW1402&yadNo=388405&callbackHistFlg=1",じゃらん OF THE YEAR 売れた宿大賞 石川県 51～100室部門　2位！,石川県 > 金沢・湯涌,https://cdn.jalan.jp/jalan/images/pictL/Y5/Y388405/Y388405AB3.jpg,https://cdn.jalan.jp/jalan/images/pictM/Y5/Y388405/Y388405AX9.jpg,https://cdn.jalan.jp/jalan/images/pictM/Y5/Y388405/Y388405C12.jpg,https://cdn.jalan.jp/jalan/images/pictM/Y5/Y388405/Y388405Bw2.jpg,"
 
 ハイクラス
 
 
 
 
 フォトギャラリー
 
 
 宿ブログ新着あり
 
 
 ",フォトギャラリー,"
 1泊 大人2名 合計(税込)
 ","30,600円～","1名 15,300円～",4.4,"2,441件",朝食、部屋、清潔感高評価,"
 【じゃらん OF THE YEAR 売れた宿大賞 石川県 2位】兼六園まで徒歩5分！天然温泉・サウナ完備！のど黒や金沢グルメを楽しめる朝食や加賀会席も好評！大正ロマンの情緒に包まれ優雅で上質なひとときを。
 ",【アクセス】,宿泊プラン,大人1名(税込),"
 合計(税込)
 
 1泊 大人2名
 
 ","https://www.jalan.net/uw/uwp3200/uww3201init.do?stayYear=2025&stayMonth=7&stayDay=26&stayCount=1&roomCount=1&adultNum=2&rootCd=01204526&distCd=05&smlCd=192002&ssc=204526&childPriceFlg=0,0,0,0,0&roomCrack=200000&screenId=UWW1402&yadNo=388405&planCd=03574989&roomTypeCd=0380131&pageListNumPlan=54_1_8_1&callbackHistFlg=1&ccnt=yadlist_cp_y_4000_sale_y_10_pp_n_0","
 
 
 
 
 ツイン
 
 
 
 
 
 
 
 
 
 
 朝のみ
 
 
 
 ","
 
 
 
 
 
 22,700円
 
 
 ","
 20,430円
 ",通常料金,"
 
 
 
 
 
 
 45,400円
 
 
 
 
 ","
 
 
 
 
 
 
 40,860円
 
 
 
 
 ",空室わずか
ダイワロイネットホテル金沢駅西口,"https://www.jalan.net/uw/uwp3000/uww3001.do?stayYear=2025&stayMonth=7&stayDay=26&stayCount=1&roomCount=1&adultNum=2&rootCd=01204526&distCd=05&smlCd=192002&ssc=204526&childPriceFlg=0,0,0,0,0&roomCrack=200000&screenId=UWW1402&yadNo=376255&callbackHistFlg=1",総合評価4.7♪「金沢駅」より徒歩約4分／1階コンビニ／駐車場有,石川県 > 金沢・湯涌,https://cdn.jalan.jp/jalan/images/pictL/Y5/Y376255/Y376255482.jpg,https://cdn.jalan.jp/jalan/images/pictM/Y5/Y376255/Y376255486.jpg,https://cdn.jalan.jp/jalan/images/pictM/Y5/Y376255/Y376255454.jpg,https://cdn.jalan.jp/jalan/images/pictM/Y5/Y376255/Y376255483.jpg,"
 
 
 
 
 フォトギャラリー
 
 
 
 ",フォトギャラリー,"
 1泊 大人2名 合計(税込)
 ","16,640円～","1名 8,320円～",4.7,235件,部屋、清潔感、風呂高評価,"
 ◇全室21平米以上◇全室バストイレ別セミセパレート（ユニバーサル除く）。焼きたてピザが楽しめる朝食イタリアンビュッフェ♪1階に24時間営業のセブン-イレブン併設!お部屋からのトレインビューも人気♪
 ",【アクセス】,宿泊プラン,大人1名(税込),"
 合計(税込)
 
 1泊 大人2名
 
 ","https://www.jalan.net/uw/uwp3200/uww3201init.do?stayYear=2025&stayMonth=7&stayDay=26&stayCount=1&roomCount=1&adultNum=2&rootCd=01204526&distCd=05&smlCd=192002&ssc=204526&childPriceFlg=0,0,0,0,0&roomCrack=200000&screenId=UWW1402&yadNo=376255&planCd=03534212&roomTypeCd=0465831&pageListNumPlan=54_1_9_1&callbackHistFlg=1&ccnt=yadlist_cp_n_0_sale_y_10_pp_n_0","
 
 
 
 
 ツイン
 
 
 
 
 
 
 
 
 
 
 朝のみ
 
 
 
 ","
 
 
 
 
 
 12,730円
 
 
 ","
 11,450円
 ",通常料金,"
 
 
 
 
 
 
 25,460円
 
 
 
 
 ","
 
 
 
 
 
 
 22,900円
 
 
 
 
 ",
ダイワロイネットホテル金沢ＭＩＹＡＢＩ,"https://www.jalan.net/uw/uwp3000/uww3001.do?stayYear=2025&stayMonth=7&stayDay=26&stayCount=1&roomCount=1&adultNum=2&rootCd=01204526&distCd=05&smlCd=192002&ssc=204526&childPriceFlg=0,0,0,0,0&roomCrack=200000&screenId=UWW1402&yadNo=380782&callbackHistFlg=1",【和風浴場完備】JR金沢駅西口より徒歩約3分,石川県 > 金沢・湯涌,https://cdn.jalan.jp/jalan/images/pictL/Y2/Y380782/Y380782591.jpg,https://cdn.jalan.jp/jalan/images/pictM/Y2/Y380782/Y380782585.jpg,https://cdn.jalan.jp/jalan/images/pictM/Y2/Y380782/Y380782655.jpg,https://cdn.jalan.jp/jalan/images/pictM/Y2/Y380782/Y380782556.jpg,"
 
 
 
 
 フォトギャラリー
 
 
 
 ",フォトギャラリー,"
 1泊 大人2名 合計(税込)
 ","13,774円～","1名 6,887円～",4.5,88件,部屋、清潔感、風呂高評価,"
 館内は金沢の伝統文化を巧みに取り入れたインテリアデザイン、加賀友禅をモチーフにした和風浴場を完備。スタンダードダブル・スーペリアダブル以外はバス・トイレセパレートタイプで快適ステイ。
 ",【アクセス】,宿泊プラン,大人1名(税込),"
 合計(税込)
 
 1泊 大人2名
 
 ","https://www.jalan.net/uw/uwp3200/uww3201init.do?stayYear=2025&stayMonth=7&stayDay=26&stayCount=1&roomCount=1&adultNum=2&rootCd=01204526&distCd=05&smlCd=192002&ssc=204526&childPriceFlg=0,0,0,0,0&roomCrack=200000&screenId=UWW1402&yadNo=380782&planCd=04067057&roomTypeCd=0419271&pageListNumPlan=54_1_10_1&callbackHistFlg=1&ccnt=yadlist_cp_n_0_sale_y_5_pp_n_0","
 
 
 
 
 ツイン
 
 
 
 
 
 
 
 
 食事なし
 
 
 
 
 
 ","
 
 
 
 
 
 9,750円
 
 
 ","
 9,262円
 ",通常料金,"
 
 
 
 
 
 
 19,500円
 
 
 
 
 ","
 
 
 
 
 
 
 18,524円
 
 
 
 
 ",
スマイルホテル金沢西口駅前（２０２１年１１月２８日オープン）,"https://www.jalan.net/uw/uwp3000/uww3001.do?stayYear=2025&stayMonth=7&stayDay=26&stayCount=1&roomCount=1&adultNum=2&rootCd=01204526&distCd=05&smlCd=192002&ssc=204526&childPriceFlg=0,0,0,0,0&roomCrack=200000&screenId=UWW1402&yadNo=321961&callbackHistFlg=1",JR金沢駅西口より徒歩４分  全室個別空調  2021年新築のホテル,石川県 > 金沢・湯涌,https://cdn.jalan.jp/jalan/images/pictL/Y1/Y321961/Y321961160.jpg,https://cdn.jalan.jp/jalan/images/pictM/Y1/Y321961/Y321961054.jpg,https://cdn.jalan.jp/jalan/images/pictM/Y1/Y321961/Y321961057.jpg,https://cdn.jalan.jp/jalan/images/pictM/Y1/Y321961/Y321961152.jpg,"
 
 
 
 
 フォトギャラリー
 
 
 宿ブログ新着あり
 
 
 ",フォトギャラリー,"
 1泊 大人2名 合計(税込)
 ","15,730円～","1名 7,865円～",4.4,112件,部屋、清潔感、朝食高評価,"
 JR金沢駅西口から徒歩4分　全館禁煙、全室個別空調で快適な滞在が可能。　　　　　　朝食バイキングでは、マグロやネギトロ、豊富なトッピングが嬉しい金沢カレーが人気。
 ",【アクセス】,宿泊プラン,大人1名(税込),"
 合計(税込)
 
 1泊 大人2名
 
 ","https://www.jalan.net/uw/uwp3200/uww3201init.do?stayYear=2025&stayMonth=7&stayDay=26&stayCount=1&roomCount=1&adultNum=2&rootCd=01204526&distCd=05&smlCd=192002&ssc=204526&childPriceFlg=0,0,0,0,0&roomCrack=200000&screenId=UWW1402&yadNo=321961&planCd=04033442&roomTypeCd=0583339&pageListNumPlan=54_1_11_1&callbackHistFlg=1&ccnt=yadlist_cp_y_1500_sale_y_50_pp_n_0","
 
 ダブル
 
 
 
 
 
 
 
 
 
 
 
 食事なし
 
 
 
 
 
 ","
 
 
 
 
 
 15,730円
 
 
 ","
 7,865円
 ",通常料金,"
 
 
 
 
 
 
 31,460円
 
 
 
 
 ","
 
 
 
 
 
 
 15,730円
 
 
 
 
 ",空室わずか
天然温泉加賀の湧泉　ドーミーイン金沢,"https://www.jalan.net/uw/uwp3000/uww3001.do?stayYear=2025&stayMonth=7&stayDay=26&stayCount=1&roomCount=1&adultNum=2&rootCd=01204526&distCd=05&smlCd=192002&ssc=204526&childPriceFlg=0,0,0,0,0&roomCrack=200000&screenId=UWW1402&yadNo=349530&callbackHistFlg=1",金沢駅徒歩2分。天然温泉大浴場＆高温オートロウリュサウナ完備。,石川県 > 金沢・湯涌,https://cdn.jalan.jp/jalan/images/pictL/Y0/Y349530/Y349530832.jpg,https://cdn.jalan.jp/jalan/images/pictM/Y0/Y349530/Y349530633.jpg,https://cdn.jalan.jp/jalan/images/pictM/Y0/Y349530/Y349530920.jpg,https://cdn.jalan.jp/jalan/images/pictM/Y0/Y349530/Y349530939.jpg,"
 
 
 
 
 フォトギャラリー
 
 
 宿ブログ新着あり
 
 
 ",フォトギャラリー,"
 1泊 大人2名 合計(税込)
 ","18,050円～","1名 9,025円～",4.4,"10,211件",朝食、風呂、接客高評価,"
 【2023年7/27リニューアルOPEN】金沢駅から徒歩2分◆ラウンジ（有料）ではアルコール・ソフトドリンク飲み放題！夜鳴き蕎麦やアイス・乳酸菌などの無料サービスも充実◎朝食「お好み海鮮丼」も好評！
 ",【アクセス】,宿泊プラン,大人1名(税込),"
 合計(税込)
 
 1泊 大人2名
 
 ","https://www.jalan.net/uw/uwp3200/uww3201init.do?stayYear=2025&stayMonth=7&stayDay=26&stayCount=1&roomCount=1&adultNum=2&rootCd=01204526&distCd=05&smlCd=192002&ssc=204526&childPriceFlg=0,0,0,0,0&roomCrack=200000&screenId=UWW1402&yadNo=349530&planCd=04060922&roomTypeCd=0094830&pageListNumPlan=54_1_12_1&callbackHistFlg=1&ccnt=yadlist_cp_y_1000_sale_y_5_pp_n_0","
 
 ダブル
 
 
 
 
 
 
 
 
 
 
 
 
 
 朝のみ
 
 
 
 ","
 
 
 
 
 
 12,000円
 
 
 ","
 11,400円
 ",通常料金,"
 
 
 
 
 
 
 24,000円
 
 
 
 
 ","
 
 
 
 
 
 
 22,800円
 
 
 
 
 ",
ホテルリソルトリニティ金沢,"https://www.jalan.net/uw/uwp3000/uww3001.do?stayYear=2025&stayMonth=7&stayDay=26&stayCount=1&roomCount=1&adultNum=2&rootCd=01204526&distCd=05&smlCd=192002&ssc=204526&childPriceFlg=0,0,0,0,0&roomCrack=200000&screenId=UWW1402&yadNo=321184&callbackHistFlg=1",近江町市場徒歩1分。旅の起点に、感性がやわらぐホテルステイを。,石川県 > 金沢・湯涌,https://cdn.jalan.jp/jalan/images/pictL/Y4/Y321184/Y321184918.jpg,https://cdn.jalan.jp/jalan/images/pictM/Y4/Y321184/Y321184960.jpg,https://cdn.jalan.jp/jalan/images/pictM/Y4/Y321184/Y321184972.jpg,https://cdn.jalan.jp/jalan/images/pictM/Y4/Y321184/Y321184978.jpg,"
 
 
 
 
 フォトギャラリー
 
 
 宿ブログ新着あり
 
 
 ",フォトギャラリー,"
 1泊 大人2名 合計(税込)
 ","12,600円～","1名 6,300円～",4.5,94件,部屋、清潔感、接客高評価,"
 伝統と感性が響き合うホテル。九谷焼の器、加賀手毬の音色、お香やアロマの香り…。 
感性を満たす仕掛けが旅のひとときをやさしく彩ります。金沢の美意識にふれ、私らしく過ごす滞在を。

 ",【アクセス】,宿泊プラン,大人1名(税込),"
 合計(税込)
 
 1泊 大人2名
 
 ","https://www.jalan.net/uw/uwp3200/uww3201init.do?stayYear=2025&stayMonth=7&stayDay=26&stayCount=1&roomCount=1&adultNum=2&rootCd=01204526&distCd=05&smlCd=192002&ssc=204526&childPriceFlg=0,0,0,0,0&roomCrack=200000&screenId=UWW1402&yadNo=321184&planCd=03680308&roomTypeCd=0357234&pageListNumPlan=54_1_13_1&callbackHistFlg=1&ccnt=yadlist_cp_n_0_sale_y_10_pp_n_0","
 
 
 
 セミダブル
 
 
 
 
 
 
 
 
 
 食事なし
 
 
 
 
 
 ","
 
 
 
 
 
 7,000円
 
 
 ","
 6,300円
 ",通常料金,"
 
 
 
 
 
 
 14,000円
 
 
 
 
 ","
 
 
 
 
 
 
 12,600円
 
 
 
 
 ",空室わずか
ホテルマイステイズプレミア金沢,"https://www.jalan.net/uw/uwp3000/uww3001.do?stayYear=2025&stayMonth=7&stayDay=26&stayCount=1&roomCount=1&adultNum=2&rootCd=01204526&distCd=05&smlCd=192002&ssc=204526&childPriceFlg=0,0,0,0,0&roomCrack=200000&screenId=UWW1402&yadNo=360776&callbackHistFlg=1",金沢駅西口徒歩5分☆広々32㎡以上☆一部客室スマートTV・ReFa導入,石川県 > 金沢・湯涌,https://cdn.jalan.jp/jalan/images/pictL/Y6/Y360776/Y360776296.jpg,https://cdn.jalan.jp/jalan/images/pictM/Y6/Y360776/Y360776279.jpg,https://cdn.jalan.jp/jalan/images/pictM/Y6/Y360776/Y360776300.jpg,https://cdn.jalan.jp/jalan/images/pictM/Y6/Y360776/Y360776327.jpg,"
 
 
 
 
 フォトギャラリー
 
 
 
 ",フォトギャラリー,"
 1泊 大人2名 合計(税込)
 ","13,600円～","1名 6,800円～",4.5,61件,部屋、接客、清潔感高評価,"
 金沢駅西口徒歩5分の好立地。全室32㎡以上のゆとりある客室にフィットネス・ライブラリーも完備。
館内には能登牛や地魚料理を楽しめるレストラン♪朝食は郷土料理も堪能できるビュッフェにてご提供♪
 ",【アクセス】,宿泊プラン,大人1名(税込),"
 合計(税込)
 
 1泊 大人2名
 
 ","https://www.jalan.net/uw/uwp3200/uww3201init.do?stayYear=2025&stayMonth=7&stayDay=26&stayCount=1&roomCount=1&adultNum=2&rootCd=01204526&distCd=05&smlCd=192002&ssc=204526&childPriceFlg=0,0,0,0,0&roomCrack=200000&screenId=UWW1402&yadNo=360776&planCd=03048039&roomTypeCd=0318763&pageListNumPlan=54_1_14_1&callbackHistFlg=1&ccnt=yadlist_cp_n_0_sale_y_16_pp_n_0","
 
 ダブル
 
 
 
 
 
 
 
 
 
 
 
 食事なし
 
 
 
 
 
 ","
 
 
 
 
 
 8,100円
 
 
 ","
 6,800円
 ",通常料金,"
 
 
 
 
 
 
 16,200円
 
 
 
 
 ","
 
 
 
 
 
 
 13,600円
 
 
 
 
 ",
ザ・スクエアホテル金沢,"https://www.jalan.net/uw/uwp3000/uww3001.do?stayYear=2025&stayMonth=7&stayDay=26&stayCount=1&roomCount=1&adultNum=2&rootCd=01204526&distCd=05&smlCd=192002&ssc=204526&childPriceFlg=0,0,0,0,0&roomCrack=200000&screenId=UWW1402&yadNo=384635&callbackHistFlg=1",近江町市場徒歩１分！大浴場＆サウナ、カフェで朝食ゆっくりステイ,石川県 > 金沢・湯涌,https://cdn.jalan.jp/jalan/images/pictL/Y5/Y384635/Y384635139.jpg,https://cdn.jalan.jp/jalan/images/pictM/Y5/Y384635/Y384635148.jpg,https://cdn.jalan.jp/jalan/images/pictM/Y5/Y384635/Y384635201.jpg,https://cdn.jalan.jp/jalan/images/pictM/Y5/Y384635/Y384635146.jpg,"
 
 
 
 
 フォトギャラリー
 
 
 宿ブログ新着あり
 
 
 ",フォトギャラリー,"
 1泊 大人2名 合計(税込)
 ","16,560円～","1名 8,280円～",4.4,397件,部屋、朝食、清潔感高評価,"
 近江町市場徒歩1分！金沢駅と主要観光地も徒歩圏内｜露天風呂＆サウナ完備の大浴場でリラックス。加賀五彩を施した客室にはエアウィーヴも完備。併設カフェでは地元食材にこだわった朝食を。
 ",【アクセス】,宿泊プラン,大人1名(税込),"
 合計(税込)
 
 1泊 大人2名
 
 ","https://www.jalan.net/uw/uwp3200/uww3201init.do?stayYear=2025&stayMonth=7&stayDay=26&stayCount=1&roomCount=1&adultNum=2&rootCd=01204526&distCd=05&smlCd=192002&ssc=204526&childPriceFlg=0,0,0,0,0&roomCrack=200000&screenId=UWW1402&yadNo=384635&planCd=03512925&roomTypeCd=0406497&pageListNumPlan=54_1_15_1&callbackHistFlg=1&ccnt=yadlist_cp_y_1500_sale_y_10_pp_n_0","
 
 ダブル
 
 
 
 
 
 
 
 
 
 
 
 食事なし
 
 
 
 
 
 ","
 
 
 
 
 
 9,200円
 
 
 ","
 8,280円
 ",通常料金,"
 
 
 
 
 
 
 18,400円
 
 
 
 
 ","
 
 
 
 
 
 
 16,560円
 
 
 
 
 ",空室わずか
ホテルビスタ金沢,"https://www.jalan.net/uw/uwp3000/uww3001.do?stayYear=2025&stayMonth=7&stayDay=26&stayCount=1&roomCount=1&adultNum=2&rootCd=01204526&distCd=05&smlCd=192002&ssc=204526&childPriceFlg=0,0,0,0,0&roomCrack=200000&screenId=UWW1402&yadNo=392384&callbackHistFlg=1",大浴場を備え金沢時間を楽しめる。金沢駅西口から徒歩5分の立地。,石川県 > 金沢・湯涌,https://cdn.jalan.jp/jalan/images/pictL/Y4/Y392384/Y392384616.jpg,https://cdn.jalan.jp/jalan/images/pictM/Y4/Y392384/Y392384533.jpg,https://cdn.jalan.jp/jalan/images/pictM/Y4/Y392384/Y392384507.jpg,https://cdn.jalan.jp/jalan/images/pictM/Y4/Y392384/Y392384397.jpg,"
 
 
 
 
 フォトギャラリー
 
 
 宿ブログ新着あり
 
 
 ",フォトギャラリー,"
 1泊 大人2名 合計(税込)
 ","19,600円～","1名 9,800円～",4.6,689件,部屋、清潔感、風呂高評価,"
 客室は独立型水回り（バス・トイレが別々）を採用、男女別大浴場も完備。金沢にお越しの際は、ホテルビスタ金沢で快適な時間をお過ごしください。
 ",【アクセス】,宿泊プラン,大人1名(税込),"
 合計(税込)
 
 1泊 大人2名
 
 ","https://www.jalan.net/uw/uwp3200/uww3201init.do?stayYear=2025&stayMonth=7&stayDay=26&stayCount=1&roomCount=1&adultNum=2&rootCd=01204526&distCd=05&smlCd=192002&ssc=204526&childPriceFlg=0,0,0,0,0&roomCrack=200000&screenId=UWW1402&yadNo=392384&planCd=03909059&roomTypeCd=0390037&pageListNumPlan=54_1_16_1&callbackHistFlg=1&ccnt=yadlist_cp_n_0_sale_y_10_pp_n_0","
 
 
 
 
 ツイン
 
 
 
 
 
 
 
 
 
 
 朝のみ
 
 
 
 ","
 
 
 
 
 
 12,700円
 
 
 ","
 11,400円
 ",通常料金,"
 
 
 
 
 
 
 25,400円
 
 
 
 
 ","
 
 
 
 
 
 
 22,800円
 
 
 
 
 ",空室わずか
ＳＯＫＩ　ＫＡＮＡＺＡＷＡ（２０２２年１１月１９日ＯＰＥＮ）,"https://www.jalan.net/uw/uwp3000/uww3001.do?stayYear=2025&stayMonth=7&stayDay=26&stayCount=1&roomCount=1&adultNum=2&rootCd=01204526&distCd=05&smlCd=192002&ssc=204526&childPriceFlg=0,0,0,0,0&roomCrack=200000&screenId=UWW1402&yadNo=357681&callbackHistFlg=1",【2022年11月GRAND OPEN】近江町市場の目の前で観光に最適。,石川県 > 金沢・湯涌,https://cdn.jalan.jp/jalan/images/pictL/Y1/Y357681/Y357681490.jpg,https://cdn.jalan.jp/jalan/images/pictM/Y1/Y357681/Y357681326.jpg,https://cdn.jalan.jp/jalan/images/pictM/Y1/Y357681/Y357681458.jpg,https://cdn.jalan.jp/jalan/images/pictM/Y1/Y357681/Y357681394.jpg,"
 
 
 
 
 フォトギャラリー
 
 
 宿ブログ新着あり
 
 
 ",フォトギャラリー,"
 1泊 大人2名 合計(税込)
 ","17,594円～","1名 8,797円～",4.7,83件,部屋、清潔感、朝食高評価,"
 金沢駅から徒歩15分。
季節を感じ、土地を味わい、素材を嗜む。無為自然に過ごす旅。
大浴場で思い思いに寛ぎ、湯上りには無料のコーヒー牛乳でRefreshを。
大人気サシェ（香り袋）作り体験もご用意。
 ",【アクセス】,宿泊プラン,大人1名(税込),"
 合計(税込)
 
 1泊 大人2名
 
 ","https://www.jalan.net/uw/uwp3200/uww3201init.do?stayYear=2025&stayMonth=7&stayDay=26&stayCount=1&roomCount=1&adultNum=2&rootCd=01204526&distCd=05&smlCd=192002&ssc=204526&childPriceFlg=0,0,0,0,0&roomCrack=200000&screenId=UWW1402&yadNo=357681&planCd=03561869&roomTypeCd=0529394&pageListNumPlan=54_1_17_1&callbackHistFlg=1&ccnt=yadlist_cp_y_500_sale_y_15_pp_n_0","
 
 ダブル
 
 
 
 
 
 
 
 
 
 
 
 食事なし
 
 
 
 
 
 ","
 
 
 
 
 
 10,660円
 
 
 ","
 9,061円
 ",通常料金,"
 
 
 
 
 
 
 21,320円
 
 
 
 
 ","
 
 
 
 
 
 
 18,122円
 
 
 
 
 ",あと2部屋
天然温泉　鼓門の湯　スーパーホテルPremier金沢駅東口,"https://www.jalan.net/uw/uwp3000/uww3001.do?stayYear=2025&stayMonth=7&stayDay=26&stayCount=1&roomCount=1&adultNum=2&rootCd=01204526&distCd=05&smlCd=192002&ssc=204526&childPriceFlg=0,0,0,0,0&roomCrack=200000&screenId=UWW1402&yadNo=355732&callbackHistFlg=1",金沢駅から徒歩7分◇ｐH8.3の「美人湯」と焼立てパン朝食が美味♪,石川県 > 金沢・湯涌,https://cdn.jalan.jp/jalan/images/pictL/Y2/Y355732/Y355732251.jpg,https://cdn.jalan.jp/jalan/images/pictM/Y2/Y355732/Y355732579.jpg,https://cdn.jalan.jp/jalan/images/pictM/Y2/Y355732/Y355732121.jpg,https://cdn.jalan.jp/jalan/images/pictM/Y2/Y355732/Y355732375.jpg,"
 
 
 
 
 フォトギャラリー
 
 
 
 ",フォトギャラリー,"
 1泊 大人2名 合計(税込)
 ","17,280円～","1名 8,640円～",4.4,711件,接客、朝食、清潔感高評価,"
 ☆金沢駅から徒歩7分、近江町市場へは徒歩でもバスでもOK☆朝まで入れる天然温泉はｐH8.3の「美人湯」♪加賀の湯でゆったりまったりお過ごしください☆ホテル専用駐車場､駐輪場はございません。
 ",【アクセス】,宿泊プラン,大人1名(税込),"
 合計(税込)
 
 1泊 大人2名
 
 ","https://www.jalan.net/uw/uwp3200/uww3201init.do?stayYear=2025&stayMonth=7&stayDay=26&stayCount=1&roomCount=1&adultNum=2&rootCd=01204526&distCd=05&smlCd=192002&ssc=204526&childPriceFlg=0,0,0,0,0&roomCrack=200000&screenId=UWW1402&yadNo=355732&planCd=03640632&roomTypeCd=0464350&pageListNumPlan=54_1_18_1&callbackHistFlg=1&ccnt=yadlist_cp_y_3000_sale_y_5_pp_n_0","
 
 ダブル
 
 
 
 
 
 
 
 
 
 
 
 食事なし
 
 
 
 
 
 ","
 
 
 
 
 
 9,100円
 
 
 ","
 8,640円
 ",通常料金,"
 
 
 
 
 
 
 18,200円
 
 
 
 
 ","
 
 
 
 
 
 
 17,280円
 
 
 
 
 ",あと2部屋
加賀屋グループ　料理旅館　金沢茶屋,"https://www.jalan.net/uw/uwp3000/uww3001.do?stayYear=2025&stayMonth=7&stayDay=26&stayCount=1&roomCount=1&adultNum=2&rootCd=01204526&distCd=05&smlCd=192002&ssc=204526&childPriceFlg=0,0,0,0,0&roomCrack=200000&screenId=UWW1402&yadNo=326607&callbackHistFlg=1",金沢駅兼六園口より徒歩3分、旬を愉しむ料理旅館,石川県 > 金沢・湯涌,https://cdn.jalan.jp/jalan/images/pictL/Y7/Y326607/Y326607198.jpg,https://cdn.jalan.jp/jalan/images/pictM/Y7/Y326607/Y326607197.jpg,https://cdn.jalan.jp/jalan/images/pictM/Y7/Y326607/Y326607147.jpg,https://cdn.jalan.jp/jalan/images/pictM/Y7/Y326607/Y326607068.jpg,,,"
 1泊 大人2名 合計(税込)
 ","69,300円～","1名 34,650円～",5.0,73件,朝食、夕食、部屋高評価,"
 JR金沢駅兼六園口から徒歩3分。材料から吟味した加賀料理と静かなお部屋でごゆっくりお寛ぎください。
 ",【アクセス】,宿泊プラン,大人1名(税込),"
 合計(税込)
 
 1泊 大人2名
 
 ","https://www.jalan.net/uw/uwp3200/uww3201init.do?stayYear=2025&stayMonth=7&stayDay=26&stayCount=1&roomCount=1&adultNum=2&rootCd=01204526&distCd=05&smlCd=192002&ssc=204526&childPriceFlg=0,0,0,0,0&roomCrack=200000&screenId=UWW1402&yadNo=326607&planCd=04058990&roomTypeCd=0150095&pageListNumPlan=54_1_19_1&callbackHistFlg=1&ccnt=yadlist_cp_n_0_sale_y_10_pp_n_0","
 
 
 
 
 
 
 
 和室
 
 
 
 
 
 
 
 
 朝・夕
 
 
 ","
 
 
 
 
 
 38,500円
 
 
 ","
 34,650円
 ",通常料金,"
 
 
 
 
 
 
 77,000円
 
 
 
 
 ","
 
 
 
 
 
 
 69,300円
 
 
 
 
 ",空室わずか
ＫＯＫＯ　ＨＯＴＥＬ　Ｐｒｅｍｉｅｒ　金沢香林坊,"https://www.jalan.net/uw/uwp3000/uww3001.do?stayYear=2025&stayMonth=7&stayDay=26&stayCount=1&roomCount=1&adultNum=2&rootCd=01204526&distCd=05&smlCd=192002&ssc=204526&childPriceFlg=0,0,0,0,0&roomCrack=200000&screenId=UWW1402&yadNo=334551&callbackHistFlg=1",優雅に泊まる。上質なゆとりを愉しむ。金沢の旅をここから！,石川県 > 金沢・湯涌,https://cdn.jalan.jp/jalan/images/pictL/Y1/Y334551/Y334551121.jpg,https://cdn.jalan.jp/jalan/images/pictM/Y1/Y334551/Y334551063.jpg,https://cdn.jalan.jp/jalan/images/pictM/Y1/Y334551/Y334551080.jpg,https://cdn.jalan.jp/jalan/images/pictM/Y1/Y334551/Y334551039.jpg,"
 
 
 
 
 フォトギャラリー
 
 
 
 ",フォトギャラリー,"
 1泊 大人2名 合計(税込)
 ","16,650円～","1名 8,325円～",4.3,202件,清潔感、部屋、朝食高評価,"
 「伝統」と「革新」が共存する金沢香林坊
和風モダンテイストのKOKOブランドPremierが誕生
金沢駅東口より周遊バス「香林坊」下車徒歩１分
加賀百万石の歴史と文化が現代に息づく金沢の旅を、ここから―
 ",【アクセス】,宿泊プラン,大人1名(税込),"
 合計(税込)
 
 1泊 大人2名
 
 ","https://www.jalan.net/uw/uwp3200/uww3201init.do?stayYear=2025&stayMonth=7&stayDay=26&stayCount=1&roomCount=1&adultNum=2&rootCd=01204526&distCd=05&smlCd=192002&ssc=204526&childPriceFlg=0,0,0,0,0&roomCrack=200000&screenId=UWW1402&yadNo=334551&planCd=03500315&roomTypeCd=0521680&pageListNumPlan=54_1_20_1&callbackHistFlg=1&ccnt=yadlist_cp_y_1500_sale_y_10_pp_n_0","
 
 
 
 
 ツイン
 
 
 
 
 
 
 
 
 食事なし
 
 
 
 
 
 ","
 
 
 
 
 
 10,750円
 
 
 ","
 9,675円
 ",通常料金,"
 
 
 
 
 
 
 21,500円
 
 
 
 
 ","
 
 
 
 
 
 
 19,350円
 
 
 
 
 ",あと3部屋
変なホテル金沢　香林坊,"https://www.jalan.net/uw/uwp3000/uww3001.do?stayYear=2025&stayMonth=7&stayDay=26&stayCount=1&roomCount=1&adultNum=2&rootCd=01204526&distCd=05&smlCd=192002&ssc=204526&childPriceFlg=0,0,0,0,0&roomCrack=200000&screenId=UWW1402&yadNo=385536&callbackHistFlg=1",【部屋清潔感評価4.4】兼六園・美術館にアクセス抜群の好立地！！,石川県 > 金沢・湯涌,https://cdn.jalan.jp/jalan/images/pictL/Y6/Y385536/Y385536096.jpg,https://cdn.jalan.jp/jalan/images/pictM/Y6/Y385536/Y385536443.jpg,https://cdn.jalan.jp/jalan/images/pictM/Y6/Y385536/Y385536441.jpg,https://cdn.jalan.jp/jalan/images/pictM/Y6/Y385536/Y385536087.jpg,"
 
 
 
 
 フォトギャラリー
 
 
 宿ブログ新着あり
 
 
 ",フォトギャラリー,"
 1泊 大人2名 合計(税込)
 ","16,140円～","1名 8,070円～",4.3,371件,清潔感、部屋、風呂高評価,"
 【非対面チェックインですが、24時間スタッフ対応なので安心】
兼六園や金沢21世紀美術館などにも徒歩圏内！
加賀友禅を模したプロジェクションマッピングによるロビー演出など伝統を取り入れた空間♪
 ",【アクセス】,宿泊プラン,大人1名(税込),"
 合計(税込)
 
 1泊 大人2名
 
 ","https://www.jalan.net/uw/uwp3200/uww3201init.do?stayYear=2025&stayMonth=7&stayDay=26&stayCount=1&roomCount=1&adultNum=2&rootCd=01204526&distCd=05&smlCd=192002&ssc=204526&childPriceFlg=0,0,0,0,0&roomCrack=200000&screenId=UWW1402&yadNo=385536&planCd=02825191&roomTypeCd=0441829&pageListNumPlan=54_1_21_1&callbackHistFlg=1&ccnt=yadlist_cp_y_3000_sale_y_50_pp_n_0","
 
 
 
 
 ツイン
 
 
 
 
 
 
 
 
 
 
 朝のみ
 
 
 
 ","
 
 
 
 
 
 19,820円
 
 
 ","
 9,910円
 ",通常料金,"
 
 
 
 
 
 
 39,640円
 
 
 
 
 ","
 
 
 
 
 
 
 19,820円
 
 
 
 
 ",空室わずか
三井ガーデンホテル金沢,"https://www.jalan.net/uw/uwp3000/uww3001.do?stayYear=2025&stayMonth=7&stayDay=26&stayCount=1&roomCount=1&adultNum=2&rootCd=01204526&distCd=05&smlCd=192002&ssc=204526&childPriceFlg=0,0,0,0,0&roomCrack=200000&screenId=UWW1402&yadNo=334419&callbackHistFlg=1",加賀友禅をあしらった客室や最上階の展望大浴場でお寛ぎください。,石川県 > 金沢・湯涌,https://cdn.jalan.jp/jalan/images/pictL/Y9/Y334419/Y334419040.jpg,https://cdn.jalan.jp/jalan/images/pictM/Y9/Y334419/Y334419289.jpg,https://cdn.jalan.jp/jalan/images/pictM/Y9/Y334419/Y334419076.jpg,https://cdn.jalan.jp/jalan/images/pictM/Y9/Y334419/Y334419284.jpg,"
 
 
 
 
 フォトギャラリー
 
 
 宿ブログ新着あり
 
 
 ",フォトギャラリー,"
 1泊 大人2名 合計(税込)
 ","24,600円～","1名 12,300円～",4.5,396件,朝食、夕食、清潔感高評価,"
 「能登豚のしゃぶしゃぶ」や「加賀野菜」が味わえる朝食ビュッフェが人気！
遅く起きた朝は、徒歩約3分の近江町市場でのランチに振替えて「のどぐろ出汁茶漬け」や「能登牛あぶり丼」など味わえます！！
 ",【アクセス】,宿泊プラン,大人1名(税込),"
 合計(税込)
 
 1泊 大人2名
 
 ","https://www.jalan.net/uw/uwp3200/uww3201init.do?stayYear=2025&stayMonth=7&stayDay=26&stayCount=1&roomCount=1&adultNum=2&rootCd=01204526&distCd=05&smlCd=192002&ssc=204526&childPriceFlg=0,0,0,0,0&roomCrack=200000&screenId=UWW1402&yadNo=334419&planCd=03226409&roomTypeCd=0577110&pageListNumPlan=54_1_22_1&callbackHistFlg=1&ccnt=yadlist_cp_y_1000_sale_y_15_pp_n_0","
 
 
 
 
 ツイン
 
 
 
 
 
 
 
 
 
 
 朝のみ
 
 
 
 ","
 
 
 
 
 
 19,960円
 
 
 ","
 16,900円
 ",通常料金,"
 
 
 
 
 
 
 39,920円
 
 
 
 
 ","
 
 
 
 
 
 
 33,800円
 
 
 
 
 ",あと3部屋
ホテルマイステイズ金沢片町,"https://www.jalan.net/uw/uwp3000/uww3001.do?stayYear=2025&stayMonth=7&stayDay=26&stayCount=1&roomCount=1&adultNum=2&rootCd=01204526&distCd=05&smlCd=192002&ssc=204526&childPriceFlg=0,0,0,0,0&roomCrack=200000&screenId=UWW1402&yadNo=392247&callbackHistFlg=1",2025年3月客室リニューアル★金沢名物が豊富な朝食がオススメ,石川県 > 金沢・湯涌,https://cdn.jalan.jp/jalan/images/pictL/Y7/Y392247/Y392247342.jpg,https://cdn.jalan.jp/jalan/images/pictM/Y7/Y392247/Y392247294.jpg,https://cdn.jalan.jp/jalan/images/pictM/Y7/Y392247/Y392247314.jpg,https://cdn.jalan.jp/jalan/images/pictM/Y7/Y392247/Y392247313.jpg,"
 
 
 
 
 フォトギャラリー
 
 
 宿ブログ新着あり
 
 
 ",フォトギャラリー,"
 1泊 大人2名 合計(税込)
 ","12,080円～",,4.2,309件,清潔感、朝食、部屋高評価,"
 ＜全室禁煙化＞客室内装リニューアル完了！金沢名物が食べられる繁華街の中心「片町」に位置してます。21世紀美術館まで徒歩約10分、徒歩圏内に日本三名園の一つ「兼六園」、金沢城公園もあり観光にも最適★
 ",【アクセス】,宿泊プラン,大人1名(税込),"
 合計(税込)
 
 1泊 大人2名
 
 ","https://www.jalan.net/uw/uwp3200/uww3201init.do?stayYear=2025&stayMonth=7&stayDay=26&stayCount=1&roomCount=1&adultNum=2&rootCd=01204526&distCd=05&smlCd=192002&ssc=204526&childPriceFlg=0,0,0,0,0&roomCrack=200000&screenId=UWW1402&yadNo=392247&planCd=03343909&roomTypeCd=0573972&pageListNumPlan=54_1_23_1&callbackHistFlg=1&ccnt=yadlist_cp_n_0_sale_y_16_pp_n_0","
 
 ダブル
 
 
 
 
 
 
 
 
 
 
 
 食事なし
 
 
 
 
 
 ","
 
 -円
 
 
 
 
 ","
 7,690円
 ",通常料金,"
 
 
 
 
 
 14,620円
 
 
 
 
 
 ","
 
 
 
 
 
 12,180円
 
 
 
 
 
 ",
ハイアット　セントリック　金沢,"https://www.jalan.net/uw/uwp3000/uww3001.do?stayYear=2025&stayMonth=7&stayDay=26&stayCount=1&roomCount=1&adultNum=2&rootCd=01204526&distCd=05&smlCd=192002&ssc=204526&childPriceFlg=0,0,0,0,0&roomCrack=200000&screenId=UWW1402&yadNo=364246&callbackHistFlg=1",金沢駅徒歩2分&全室32平米以上/伝統工芸&アート/プレミアムステイ,石川県 > 金沢・湯涌,https://cdn.jalan.jp/jalan/images/pictL/Y6/Y364246/Y364246027.jpg,https://cdn.jalan.jp/jalan/images/pictM/Y6/Y364246/Y364246041.jpg,https://cdn.jalan.jp/jalan/images/pictM/Y6/Y364246/Y364246020.jpg,https://cdn.jalan.jp/jalan/images/pictM/Y6/Y364246/Y364246026.jpg,"
 
 ハイクラス
 
 
 
 
 フォトギャラリー
 
 
 
 ",フォトギャラリー,"
 1泊 大人2名 合計(税込)
 ","39,216円～","1名 19,608円～",4.9,111件,部屋、清潔感、朝食高評価,"
 金沢駅西口から徒歩2分。全室32平米以上の客室、伝統工芸と現代アートが調和する上質な空間で、旬の地元食材を味わえるダイニングを備えた、食と文化を五感で楽しめるフルサービスホテルです。
 ",【アクセス】,宿泊プラン,大人1名(税込),"
 合計(税込)
 
 1泊 大人2名
 
 ","https://www.jalan.net/uw/uwp3200/uww3201init.do?stayYear=2025&stayMonth=7&stayDay=26&stayCount=1&roomCount=1&adultNum=2&rootCd=01204526&distCd=05&smlCd=192002&ssc=204526&childPriceFlg=0,0,0,0,0&roomCrack=200000&screenId=UWW1402&yadNo=364246&planCd=04054359&roomTypeCd=0460339&pageListNumPlan=54_1_24_1&callbackHistFlg=1&ccnt=yadlist_cp_n_0_sale_n_0_pp_n_0","
 
 
 
 
 ツイン
 
 
 
 
 
 
 
 
 
 
 朝のみ
 
 
 
 ","
 
 
 
 
 
 23,529円
 
 
 ",,,"
 
 
 
 
 
 
 47,058円
 
 
 
 
 ",,空室わずか
金沢 東急ホテル,"https://www.jalan.net/uw/uwp3000/uww3001.do?stayYear=2025&stayMonth=7&stayDay=26&stayCount=1&roomCount=1&adultNum=2&rootCd=01204526&distCd=05&smlCd=192002&ssc=204526&childPriceFlg=0,0,0,0,0&roomCrack=200000&screenId=UWW1402&yadNo=317689&callbackHistFlg=1",武家文化の風雅さと現代モダンが融合、上質な空間でお迎えします。,石川県 > 金沢・湯涌,https://cdn.jalan.jp/jalan/images/pictL/Y9/Y317689/Y317689A41.jpg,https://cdn.jalan.jp/jalan/images/pictM/Y9/Y317689/Y317689659.jpg,https://cdn.jalan.jp/jalan/images/pictM/Y9/Y317689/Y317689AX0.jpg,https://cdn.jalan.jp/jalan/images/pictM/Y9/Y317689/Y317689656.jpg,"
 
 ハイクラス
 
 
 
 
 フォトギャラリー
 
 
 宿ブログ新着あり
 
 
 ",フォトギャラリー,"
 1泊 大人2名 合計(税込)
 ","16,200円～","1名 8,100円～",4.5,832件,接客、清潔感、朝食高評価,"
 兼六園、21世紀美術館、武家屋敷、金沢城にも徒歩圏内で観光に抜群の立地！
コンシェルジュ、フロア専用クラブラウンジなど金沢東急ホテルのおもてなしを。
「金沢を満喫できる朝ごはん」も高評価！

 ",【アクセス】,宿泊プラン,大人1名(税込),"
 合計(税込)
 
 1泊 大人2名
 
 ","https://www.jalan.net/uw/uwp3200/uww3201init.do?stayYear=2025&stayMonth=7&stayDay=26&stayCount=1&roomCount=1&adultNum=2&rootCd=01204526&distCd=05&smlCd=192002&ssc=204526&childPriceFlg=0,0,0,0,0&roomCrack=200000&screenId=UWW1402&yadNo=317689&planCd=03993296&roomTypeCd=0198237&pageListNumPlan=54_1_25_1&callbackHistFlg=1&ccnt=yadlist_cp_n_0_sale_y_63_pp_n_0","
 
 
 
 
 ツイン
 
 
 
 
 
 
 
 
 食事なし
 
 
 
 
 
 ","
 
 
 
 
 
 22,995円
 
 
 ","
 8,500円
 ",通常料金,"
 
 
 
 
 
 
 45,990円
 
 
 
 
 ","
 
 
 
 
 
 
 17,000円
 
 
 
 
 ",空室わずか
Ｔマークシティホテル金沢,"https://www.jalan.net/uw/uwp3000/uww3001.do?stayYear=2025&stayMonth=7&stayDay=26&stayCount=1&roomCount=1&adultNum=2&rootCd=01204526&distCd=05&smlCd=192002&ssc=204526&childPriceFlg=0,0,0,0,0&roomCrack=200000&screenId=UWW1402&yadNo=358240&callbackHistFlg=1",2022年3月美食の片町にオープン！兼六園と21世紀美術館は徒歩15分,石川県 > 金沢・湯涌,https://cdn.jalan.jp/jalan/images/pictL/Y0/Y358240/Y358240076.jpg,https://cdn.jalan.jp/jalan/images/pictM/Y0/Y358240/Y358240056.jpg,https://cdn.jalan.jp/jalan/images/pictM/Y0/Y358240/Y358240086.jpg,https://cdn.jalan.jp/jalan/images/pictM/Y0/Y358240/Y358240047.jpg,"
 
 
 
 
 フォトギャラリー
 
 
 宿ブログ新着あり
 
 
 ",フォトギャラリー,"
 1泊 大人2名 合計(税込)
 ","12,580円～","1名 6,290円～",4.5,144件,部屋、清潔感、接客高評価,"
 歴史と先端が共存する金沢の観光スポットへアクセス良好。
その中でも特に飲食店が並ぶ繁華街、片町交差点から徒歩1分。
ビジネスや観光のあとは、シーリー社製最上級ベッドで理想的な寝心地をお約束。
 ",【アクセス】,宿泊プラン,大人1名(税込),"
 合計(税込)
 
 1泊 大人2名
 
 ","https://www.jalan.net/uw/uwp3200/uww3201init.do?stayYear=2025&stayMonth=7&stayDay=26&stayCount=1&roomCount=1&adultNum=2&rootCd=01204526&distCd=05&smlCd=192002&ssc=204526&childPriceFlg=0,0,0,0,0&roomCrack=200000&screenId=UWW1402&yadNo=358240&planCd=03348753&roomTypeCd=0508639&pageListNumPlan=54_1_26_1&callbackHistFlg=1&ccnt=yadlist_cp_y_1000_sale_y_15_pp_n_0","
 
 
 
 
 ツイン
 
 
 
 
 
 
 
 
 食事なし
 
 
 
 
 
 ","
 
 
 
 
 
 7,400円
 
 
 ","
 6,290円
 ",通常料金,"
 
 
 
 
 
 
 14,800円
 
 
 
 
 ","
 
 
 
 
 
 
 12,580円
 
 
 
 
 ",あと3部屋
ホテルマイステイズ金沢キャッスル,"https://www.jalan.net/uw/uwp3000/uww3001.do?stayYear=2025&stayMonth=7&stayDay=26&stayCount=1&roomCount=1&adultNum=2&rootCd=01204526&distCd=05&smlCd=192002&ssc=204526&childPriceFlg=0,0,0,0,0&roomCrack=200000&screenId=UWW1402&yadNo=335705&callbackHistFlg=1",金沢駅東口から徒歩5分・大浴場有♪金沢郷土色豊かな朝食が高評価,石川県 > 金沢・湯涌,https://cdn.jalan.jp/jalan/images/pictL/Y5/Y335705/Y335705571.jpg,https://cdn.jalan.jp/jalan/images/pictM/Y5/Y335705/Y335705437.jpg,https://cdn.jalan.jp/jalan/images/pictM/Y5/Y335705/Y335705549.jpg,https://cdn.jalan.jp/jalan/images/pictM/Y5/Y335705/Y335705481.jpg,"
 
 
 
 
 フォトギャラリー
 
 
 宿ブログ新着あり
 
 
 ",フォトギャラリー,"
 1泊 大人2名 合計(税込)
 ","14,000円～","1名 7,000円～",4.0,182件,朝食、夕食、部屋高評価,"
 金沢駅東口から徒歩5分の好立地。清潔感漂う「和モダン」な館内と客室♪金沢の郷土色豊かな朝食が高評価♪ビジネスにもレジャーにも最適な立地。ファミリーに嬉しいトリプルルームも有。
 ",【アクセス】,宿泊プラン,大人1名(税込),"
 合計(税込)
 
 1泊 大人2名
 
 ","https://www.jalan.net/uw/uwp3200/uww3201init.do?stayYear=2025&stayMonth=7&stayDay=26&stayCount=1&roomCount=1&adultNum=2&rootCd=01204526&distCd=05&smlCd=192002&ssc=204526&childPriceFlg=0,0,0,0,0&roomCrack=200000&screenId=UWW1402&yadNo=335705&planCd=03048583&roomTypeCd=0342787&pageListNumPlan=54_1_27_1&callbackHistFlg=1&ccnt=yadlist_cp_n_0_sale_y_16_pp_n_0","
 
 
 
 
 ツイン
 
 
 
 
 
 
 
 
 食事なし
 
 
 
 
 
 ","
 
 
 
 
 
 9,240円
 
 
 ","
 7,700円
 ",通常料金,"
 
 
 
 
 
 
 18,480円
 
 
 
 
 ","
 
 
 
 
 
 
 15,400円
 
 
 
 
 ",空室わずか
スマイルホテルプレミアム金沢東口駅前,"https://www.jalan.net/uw/uwp3000/uww3001.do?stayYear=2025&stayMonth=7&stayDay=26&stayCount=1&roomCount=1&adultNum=2&rootCd=01204526&distCd=05&smlCd=192002&ssc=204526&childPriceFlg=0,0,0,0,0&roomCrack=200000&screenId=UWW1402&yadNo=336188&callbackHistFlg=1",◇ 2023年11月30日リブランドオープン ◇金沢駅東口より徒歩3分！,石川県 > 金沢・湯涌,https://cdn.jalan.jp/jalan/images/pictL/Y8/Y336188/Y336188281.jpg,https://cdn.jalan.jp/jalan/images/pictM/Y8/Y336188/Y336188233.jpg,https://cdn.jalan.jp/jalan/images/pictM/Y8/Y336188/Y336188163.jpg,https://cdn.jalan.jp/jalan/images/pictM/Y8/Y336188/Y336188231.jpg,"
 
 
 
 
 フォトギャラリー
 
 
 
 ",フォトギャラリー,"
 1泊 大人2名 合計(税込)
 ","13,870円～","1名 6,935円～",4.3,105件,部屋、朝食、清潔感高評価,"
 【全室禁煙】歴史と伝統を感じさせる「加賀五彩」を基調とした素敵な空間で、金沢でのご滞在をごゆっくりお楽しみください。

ビジネスや観光に是非ご利用くださいませ♪
　
 ",【アクセス】,宿泊プラン,大人1名(税込),"
 合計(税込)
 
 1泊 大人2名
 
 ","https://www.jalan.net/uw/uwp3200/uww3201init.do?stayYear=2025&stayMonth=7&stayDay=26&stayCount=1&roomCount=1&adultNum=2&rootCd=01204526&distCd=05&smlCd=192002&ssc=204526&childPriceFlg=0,0,0,0,0&roomCrack=200000&screenId=UWW1402&yadNo=336188&planCd=03801620&roomTypeCd=0554529&pageListNumPlan=54_1_28_1&callbackHistFlg=1&ccnt=yadlist_cp_y_1000_sale_y_5_pp_n_0","
 
 ダブル
 
 
 
 
 
 
 
 
 
 
 
 食事なし
 
 
 
 
 
 ","
 
 
 
 
 
 7,300円
 
 
 ","
 6,935円
 ",通常料金,"
 
 
 
 
 
 
 14,600円
 
 
 
 
 ","
 
 
 
 
 
 
 13,870円
 
 
 
 
 ",空室わずか
ホテル金沢,"https://www.jalan.net/uw/uwp3000/uww3001.do?stayYear=2025&stayMonth=7&stayDay=26&stayCount=1&roomCount=1&adultNum=2&rootCd=01204526&distCd=05&smlCd=192002&ssc=204526&childPriceFlg=0,0,0,0,0&roomCrack=200000&screenId=UWW1402&yadNo=368768&callbackHistFlg=1",朝食満足度90点以上！全客室改装＆アクセス抜群のシティホテル,石川県 > 金沢・湯涌,https://cdn.jalan.jp/jalan/images/pictL/Y8/Y368768/Y368768840.jpg,https://cdn.jalan.jp/jalan/images/pictM/Y8/Y368768/Y368768861.jpg,https://cdn.jalan.jp/jalan/images/pictM/Y8/Y368768/Y368768844.jpg,https://cdn.jalan.jp/jalan/images/pictM/Y8/Y368768/Y368768105.jpg,"
 
 
 
 
 フォトギャラリー
 
 
 宿ブログ新着あり
 
 
 ",フォトギャラリー,"
 1泊 大人2名 合計(税込)
 ","19,920円～","1名 9,960円～",4.4,870件,朝食、夕食、部屋高評価,"
 初夏SALE！クーポン開始☆金沢駅から徒歩1分♪夕食朝食とも満足度90点以上！食事付が人気☆加賀五彩も取り入れた客室でお寛ぎください☆当日23時まで予約可◆全プランチェックアウト11時のんびりSTAY♪◆

 ",【アクセス】,宿泊プラン,大人1名(税込),"
 合計(税込)
 
 1泊 大人2名
 
 ","https://www.jalan.net/uw/uwp3200/uww3201init.do?stayYear=2025&stayMonth=7&stayDay=26&stayCount=1&roomCount=1&adultNum=2&rootCd=01204526&distCd=05&smlCd=192002&ssc=204526&childPriceFlg=0,0,0,0,0&roomCrack=200000&screenId=UWW1402&yadNo=368768&planCd=02756690&roomTypeCd=0507946&pageListNumPlan=54_1_29_1&callbackHistFlg=1&ccnt=yadlist_cp_y_1000_sale_y_10_pp_n_0","
 
 
 
 
 ツイン
 
 
 
 
 
 
 
 
 
 
 朝のみ
 
 
 
 ","
 
 
 
 
 
 13,470円
 
 
 ","
 12,120円
 ",通常料金,"
 
 
 
 
 
 
 26,940円
 
 
 
 
 ","
 
 
 
 
 
 
 24,240円
 
 
 
 
 ",あと3部屋
東急ステイ金沢,"https://www.jalan.net/uw/uwp3000/uww3001.do?stayYear=2025&stayMonth=7&stayDay=26&stayCount=1&roomCount=1&adultNum=2&rootCd=01204526&distCd=05&smlCd=192002&ssc=204526&childPriceFlg=0,0,0,0,0&roomCrack=200000&screenId=UWW1402&yadNo=329525&callbackHistFlg=1",金沢駅からバスで約7分♪観光の拠点に最適！洗濯乾燥機全室完備★,石川県 > 金沢・湯涌,https://cdn.jalan.jp/jalan/images/pictL/Y5/Y329525/Y329525472.jpg,https://cdn.jalan.jp/jalan/images/pictM/Y5/Y329525/Y329525464.jpg,https://cdn.jalan.jp/jalan/images/pictM/Y5/Y329525/Y329525108.jpg,https://cdn.jalan.jp/jalan/images/pictM/Y5/Y329525/Y329525456.jpg,"
 
 
 
 
 フォトギャラリー
 
 
 
 ",フォトギャラリー,"
 1泊 大人2名 合計(税込)
 ","20,944円～","1名 10,472円～",4.7,290件,部屋、清潔感、接客高評価,"
 ◆兼六園や金沢21世紀美術館は徒歩圏内
◆ビジネスや観光での長期滞在でも安心の広々とした客室
◆ドラム式洗濯乾燥機全室完備で急な出張にも便利
◆地元食材を取り入れた朝食

 ",【アクセス】,宿泊プラン,大人1名(税込),"
 合計(税込)
 
 1泊 大人2名
 
 ","https://www.jalan.net/uw/uwp3200/uww3201init.do?stayYear=2025&stayMonth=7&stayDay=26&stayCount=1&roomCount=1&adultNum=2&rootCd=01204526&distCd=05&smlCd=192002&ssc=204526&childPriceFlg=0,0,0,0,0&roomCrack=200000&screenId=UWW1402&yadNo=329525&planCd=03478377&roomTypeCd=0440202&pageListNumPlan=54_1_30_1&callbackHistFlg=1&ccnt=yadlist_cp_y_3000_sale_y_12_pp_n_0","
 
 ダブル
 
 
 
 
 
 
 
 
 
 
 
 食事なし
 
 
 
 
 
 ","
 
 
 
 
 
 12,500円
 
 
 ","
 11,000円
 ",通常料金,"
 
 
 
 
 
 
 25,000円
 
 
 
 
 ","
 
 
 
 
 
 
 22,000円
 
 
 
 
 ",あと3部屋
ホテルルートイン金沢駅前,"https://www.jalan.net/uw/uwp3000/uww3001.do?stayYear=2025&stayMonth=7&stayDay=26&stayCount=1&roomCount=1&adultNum=2&rootCd=01204526&distCd=05&smlCd=192002&ssc=204526&childPriceFlg=0,0,0,0,0&roomCrack=200000&screenId=UWW1402&yadNo=374216&callbackHistFlg=1",◆WOWOW視聴無料◆ご宿泊者様朝食無料サービス,石川県 > 金沢・湯涌,https://cdn.jalan.jp/jalan/images/pictL/Y6/Y374216/Y374216427.jpg,https://cdn.jalan.jp/jalan/images/pictM/Y6/Y374216/Y374216278.jpg,https://cdn.jalan.jp/jalan/images/pictM/Y6/Y374216/Y374216424.jpg,https://cdn.jalan.jp/jalan/images/pictM/Y6/Y374216/Y374216293.jpg,"
 
 
 
 
 フォトギャラリー
 
 
 
 ",フォトギャラリー,"
 1泊 大人2名 合計(税込)
 ","15,650円～","1名 7,825円～",4.3,"1,102件",清潔感、風呂、部屋高評価,"
 ◆ホテル最上階の展望大浴場からは金沢の景色が一望。
◆メニューは30品目以上のバイキング朝食無料サービス
◆全客室Wi-Fi接続
◆ロビーにてドトールのウェルカムコーヒー
◆金沢駅より徒歩約5分！
 ",【アクセス】,宿泊プラン,大人1名(税込),"
 合計(税込)
 
 1泊 大人2名
 
 ","https://www.jalan.net/uw/uwp3200/uww3201init.do?stayYear=2025&stayMonth=7&stayDay=26&stayCount=1&roomCount=1&adultNum=2&rootCd=01204526&distCd=05&smlCd=192002&ssc=204526&childPriceFlg=0,0,0,0,0&roomCrack=200000&screenId=UWW1402&yadNo=374216&planCd=02700189&roomTypeCd=0096679&pageListNumPlan=54_2_1_1&callbackHistFlg=1&ccnt=yadlist_cp_n_0_sale_y_5_pp_n_0","
 
 
 
 
 ツイン
 
 
 
 
 
 
 
 
 
 
 朝のみ
 
 
 
 ","
 
 
 
 
 
 10,450円
 
 
 ","
 9,925円
 ",通常料金,"
 
 
 
 
 
 
 20,900円
 
 
 
 
 ","
 
 
 
 
 
 
 19,850円
 
 
 
 
 ",空室わずか
金沢の奥座敷・歴代藩主も愛した湯　お宿やました,"https://www.jalan.net/uw/uwp3000/uww3001.do?stayYear=2025&stayMonth=7&stayDay=26&stayCount=1&roomCount=1&adultNum=2&rootCd=01204526&distCd=05&smlCd=192002&ssc=204526&childPriceFlg=0,0,0,0,0&roomCrack=200000&screenId=UWW1402&yadNo=306202&callbackHistFlg=1",★口コミ高評価に感謝します★湯涌最奥に佇む隠れ家━朝夕部屋食,石川県 > 金沢・湯涌,https://cdn.jalan.jp/jalan/images/pictL/Y2/Y306202/Y306202270.jpg,https://cdn.jalan.jp/jalan/images/pictM/Y2/Y306202/Y306202324.jpg,https://cdn.jalan.jp/jalan/images/pictM/Y2/Y306202/Y306202330.jpg,https://cdn.jalan.jp/jalan/images/pictM/Y2/Y306202/Y306202328.jpg,"
 
 
 
 
 フォトギャラリー
 
 
 
 ",フォトギャラリー,"
 1泊 大人2名 合計(税込)
 ","55,480円～","1名 27,740円～",4.7,233件,夕食、接客、清潔感高評価,"
 7月週末☆平日料金に値下げ★夕食4.8★朝夕お部屋で楽しめる彩ゆたかな会席料理。湯涌温泉の一番奥、竹林を望む静かな宿。24時間入浴可能、Wi-Fi完備≪じゃらんnetランキング（都道府県別）売れた宿受賞≫
 ",【アクセス】,宿泊プラン,大人1名(税込),"
 合計(税込)
 
 1泊 大人2名
 
 ","https://www.jalan.net/uw/uwp3200/uww3201init.do?stayYear=2025&stayMonth=7&stayDay=26&stayCount=1&roomCount=1&adultNum=2&rootCd=01204526&distCd=05&smlCd=192002&ssc=204526&childPriceFlg=0,0,0,0,0&roomCrack=200000&screenId=UWW1402&yadNo=306202&planCd=03984263&roomTypeCd=0214993&pageListNumPlan=54_2_2_1&callbackHistFlg=1&ccnt=yadlist_cp_n_0_sale_n_0_pp_n_0","
 
 
 
 
 
 
 
 和室
 
 
 
 
 
 
 
 
 朝・夕
 
 
 ","
 
 
 
 
 
 27,740円
 
 
 ","
 41,325円
 ",通常料金,"
 
 
 
 
 
 
 55,480円
 
 
 
 
 ","
 
 
 
 
 
 
 82,650円
 
 
 
 
 ",空室わずか
ＡＮＡクラウンプラザホテル金沢,"https://www.jalan.net/uw/uwp3000/uww3001.do?stayYear=2025&stayMonth=7&stayDay=26&stayCount=1&roomCount=1&adultNum=2&rootCd=01204526&distCd=05&smlCd=192002&ssc=204526&childPriceFlg=0,0,0,0,0&roomCrack=200000&screenId=UWW1402&yadNo=319051&callbackHistFlg=1",金沢駅兼六園口（東口）に隣接、観光やビジネスのアクセスに最適。,石川県 > 金沢・湯涌,https://cdn.jalan.jp/jalan/images/pictL/Y1/Y319051/Y319051A27.jpg,https://cdn.jalan.jp/jalan/images/pictM/Y1/Y319051/Y319051AV6.jpg,https://cdn.jalan.jp/jalan/images/pictM/Y1/Y319051/Y319051A56.jpg,https://cdn.jalan.jp/jalan/images/pictM/Y1/Y319051/Y319051AR0.jpg,"
 
 ハイクラス
 
 
 
 
 フォトギャラリー
 
 
 
 ",フォトギャラリー,"
 1泊 大人2名 合計(税込)
 ","25,540円～","1名 12,770円～",4.2,"1,737件",朝食、接客、清潔感高評価,"
 何よりも満ちたりたひとときをお過ごしいただくために。
便利さと落ち着いた雰囲気が調和した客室空間で、快適なご滞在をお楽しみいただけます。

 ",【アクセス】,宿泊プラン,大人1名(税込),"
 合計(税込)
 
 1泊 大人2名
 
 ","https://www.jalan.net/uw/uwp3200/uww3201init.do?stayYear=2025&stayMonth=7&stayDay=26&stayCount=1&roomCount=1&adultNum=2&rootCd=01204526&distCd=05&smlCd=192002&ssc=204526&childPriceFlg=0,0,0,0,0&roomCrack=200000&screenId=UWW1402&yadNo=319051&planCd=04055377&roomTypeCd=0280277&pageListNumPlan=54_2_3_1&callbackHistFlg=1&ccnt=yadlist_cp_n_0_sale_y_5_pp_n_0","
 
 
 
 
 ツイン
 
 
 
 
 
 
 
 
 
 
 朝のみ
 
 
 
 ","
 
 
 
 
 
 15,700円
 
 
 ","
 14,770円
 ",通常料金,"
 
 
 
 
 
 
 31,400円
 
 
 
 
 ","
 
 
 
 
 
 
 29,540円
 
 
 
 
 ",空室わずか
金沢ニューグランドホテルプレステージ,"https://www.jalan.net/uw/uwp3000/uww3001.do?stayYear=2025&stayMonth=7&stayDay=26&stayCount=1&roomCount=1&adultNum=2&rootCd=01204526&distCd=05&smlCd=192002&ssc=204526&childPriceFlg=0,0,0,0,0&roomCrack=200000&screenId=UWW1402&yadNo=321933&callbackHistFlg=1",尾山神社すぐそば！兼六園や21世紀美術館、近江町市場へ徒歩圏内♪,石川県 > 金沢・湯涌,https://cdn.jalan.jp/jalan/images/pictL/Y3/Y321933/Y321933622.jpg,https://cdn.jalan.jp/jalan/images/pictM/Y3/Y321933/Y321933651.jpg,https://cdn.jalan.jp/jalan/images/pictM/Y3/Y321933/Y321933759.jpg,https://cdn.jalan.jp/jalan/images/pictM/Y3/Y321933/Y321933646.jpg,"
 
 
 
 
 フォトギャラリー
 
 
 
 ",フォトギャラリー,"
 1泊 大人2名 合計(税込)
 ","18,050円～","1名 9,025円～",4.5,548件,部屋、朝食、接客高評価,"
 尾山神社すぐそば！兼六園、21世紀美術館、近江町市場へも徒歩圏内♪
＜夏休み企画＞7/19～8/31までご宿泊のお子様へアメニティセットプレゼント！（紐付きミニポーチ、歯ブラシ、タオル）


 ",【アクセス】,宿泊プラン,大人1名(税込),"
 合計(税込)
 
 1泊 大人2名
 
 ","https://www.jalan.net/uw/uwp3200/uww3201init.do?stayYear=2025&stayMonth=7&stayDay=26&stayCount=1&roomCount=1&adultNum=2&rootCd=01204526&distCd=05&smlCd=192002&ssc=204526&childPriceFlg=0,0,0,0,0&roomCrack=200000&screenId=UWW1402&yadNo=321933&planCd=04020926&roomTypeCd=0270263&pageListNumPlan=54_2_4_1&callbackHistFlg=1&ccnt=yadlist_cp_n_0_sale_y_5_pp_n_0","
 
 
 
 
 
 
 4ベッド
 
 
 
 
 
 
 
 
 
 朝・夕
 
 
 ","
 
 
 
 
 
 31,800円
 
 
 ","
 30,210円
 ",通常料金,"
 
 
 
 
 
 
 63,600円
 
 
 
 
 ","
 
 
 
 
 
 
 60,420円
 
 
 
 
 ",あと3部屋
ホテルウィングインターナショナルプレミアム金沢駅前,"https://www.jalan.net/uw/uwp3000/uww3001.do?stayYear=2025&stayMonth=7&stayDay=26&stayCount=1&roomCount=1&adultNum=2&rootCd=01204526&distCd=05&smlCd=192002&ssc=204526&childPriceFlg=0,0,0,0,0&roomCrack=200000&screenId=UWW1402&yadNo=357900&callbackHistFlg=1",金沢駅徒歩5分。朝食評価4.5の好評ノドグロ釜飯が自慢のホテル,石川県 > 金沢・湯涌,https://cdn.jalan.jp/jalan/images/pictL/Y0/Y357900/Y357900297.jpg,https://cdn.jalan.jp/jalan/images/pictM/Y0/Y357900/Y357900649.jpg,https://cdn.jalan.jp/jalan/images/pictM/Y0/Y357900/Y357900358.jpg,https://cdn.jalan.jp/jalan/images/pictM/Y0/Y357900/Y357900332.jpg,"
 
 
 
 
 フォトギャラリー
 
 
 宿ブログ新着あり
 
 
 ",フォトギャラリー,"
 1泊 大人2名 合計(税込)
 ","17,640円～","1名 8,820円～",4.3,602件,朝食、清潔感、部屋高評価,"
 自慢の朝食では、北陸の食材を存分にご堪能いただけます。

【重要】チェックイン時間は15:00～24:00となりますので、24:00までにお手続きをお済ませいただきますようお願いいたします。
 ",【アクセス】,宿泊プラン,大人1名(税込),"
 合計(税込)
 
 1泊 大人2名
 
 ","https://www.jalan.net/uw/uwp3200/uww3201init.do?stayYear=2025&stayMonth=7&stayDay=26&stayCount=1&roomCount=1&adultNum=2&rootCd=01204526&distCd=05&smlCd=192002&ssc=204526&childPriceFlg=0,0,0,0,0&roomCrack=200000&screenId=UWW1402&yadNo=357900&planCd=04053893&roomTypeCd=0387442&pageListNumPlan=54_2_5_1&callbackHistFlg=1&ccnt=yadlist_cp_n_0_sale_y_10_pp_n_0","
 
 
 
 
 ツイン
 
 
 
 
 
 
 
 
 食事なし
 
 
 
 
 
 ","
 
 
 
 
 
 11,400円
 
 
 ","
 10,260円
 ",通常料金,"
 
 
 
 
 
 
 22,800円
 
 
 
 
 ","
 
 
 
 
 
 
 20,520円
 
 
 
 
 ",あと1部屋
KUMU 金沢 by THE SHARE HOTELS,"https://www.jalan.net/uw/uwp3000/uww3001.do?stayYear=2025&stayMonth=7&stayDay=26&stayCount=1&roomCount=1&adultNum=2&rootCd=01204526&distCd=05&smlCd=192002&ssc=204526&childPriceFlg=0,0,0,0,0&roomCrack=200000&screenId=UWW1402&yadNo=392056&callbackHistFlg=1",金沢の伝統を汲み、未来につなぐライフスタイルホテル,石川県 > 金沢・湯涌,https://cdn.jalan.jp/jalan/images/pictL/Y6/Y392056/Y392056682.jpg,https://cdn.jalan.jp/jalan/images/pictM/Y6/Y392056/Y392056661.jpg,https://cdn.jalan.jp/jalan/images/pictM/Y6/Y392056/Y392056721.jpg,https://cdn.jalan.jp/jalan/images/pictM/Y6/Y392056/Y392056697.jpg,"
 
 
 
 
 フォトギャラリー
 
 
 
 ",フォトギャラリー,"
 1泊 大人2名 合計(税込)
 ","39,998円～","1名 19,999円～",4.6,171件,清潔感、部屋、接客高評価,"
 ｜金沢の伝統を汲む場所｜金沢の街に色濃く残る禅や茶の湯などの伝統文化を、この街の今を担う作家やアーティストらと共に未来につなぐライフスタイルホテル。市内中心部に位置し観光の拠点にも最適です。
 ",【アクセス】,宿泊プラン,大人1名(税込),"
 合計(税込)
 
 1泊 大人2名
 
 ","https://www.jalan.net/uw/uwp3200/uww3201init.do?stayYear=2025&stayMonth=7&stayDay=26&stayCount=1&roomCount=1&adultNum=2&rootCd=01204526&distCd=05&smlCd=192002&ssc=204526&childPriceFlg=0,0,0,0,0&roomCrack=200000&screenId=UWW1402&yadNo=392056&planCd=03224695&roomTypeCd=0381551&pageListNumPlan=54_2_6_1&callbackHistFlg=1&ccnt=yadlist_cp_y_2000_sale_y_10_pp_n_0","
 
 
 
 
 
 
 
 
 和洋室
 
 
 
 
 食事なし
 
 
 
 
 
 ","
 
 
 
 
 
 22,222円
 
 
 ","
 19,999円
 ",通常料金,"
 
 
 
 
 
 
 44,444円
 
 
 
 
 ","
 
 
 
 
 
 
 39,998円
 
 
 
 
 ",あと3部屋
ＡＮＡホリデイ・イン金沢スカイ,"https://www.jalan.net/uw/uwp3000/uww3001.do?stayYear=2025&stayMonth=7&stayDay=26&stayCount=1&roomCount=1&adultNum=2&rootCd=01204526&distCd=05&smlCd=192002&ssc=204526&childPriceFlg=0,0,0,0,0&roomCrack=200000&screenId=UWW1402&yadNo=330882&callbackHistFlg=1",近江町市場の目の前、金澤の街並みを一望できる金沢スカイ,石川県 > 金沢・湯涌,https://cdn.jalan.jp/jalan/images/pictL/Y2/Y330882/Y330882339.jpg,https://cdn.jalan.jp/jalan/images/pictM/Y2/Y330882/Y330882794.jpg,https://cdn.jalan.jp/jalan/images/pictM/Y2/Y330882/Y330882803.jpg,https://cdn.jalan.jp/jalan/images/pictM/Y2/Y330882/Y330882770.jpg,"
 
 
 
 
 フォトギャラリー
 
 
 
 ",フォトギャラリー,"
 1泊 大人2名 合計(税込)
 ","21,220円～","1名 10,610円～",4.2,869件,朝食、接客、清潔感高評価,"
 さまざまな表情を魅せる金澤の街並みを一望できるホテルです
近江町市場目の前！
ひがし茶屋街や金沢城公園へ徒歩圏内
雨に濡れずにホテルへ繋がる提携駐車場も完備




 ",【アクセス】,宿泊プラン,大人1名(税込),"
 合計(税込)
 
 1泊 大人2名
 
 ","https://www.jalan.net/uw/uwp3200/uww3201init.do?stayYear=2025&stayMonth=7&stayDay=26&stayCount=1&roomCount=1&adultNum=2&rootCd=01204526&distCd=05&smlCd=192002&ssc=204526&childPriceFlg=0,0,0,0,0&roomCrack=200000&screenId=UWW1402&yadNo=330882&planCd=03805140&roomTypeCd=0501243&pageListNumPlan=54_2_7_1&callbackHistFlg=1&ccnt=yadlist_cp_n_0_sale_n_0_pp_n_0","
 
 
 
 
 ツイン
 
 
 
 
 
 
 
 
 
 
 朝のみ
 
 
 
 ","
 
 
 
 
 
 11,360円
 
 
 ",,,"
 
 
 
 
 
 
 22,720円
 
 
 
 
 ",,空室わずか
ガーデンホテル金沢,"https://www.jalan.net/uw/uwp3000/uww3001.do?stayYear=2025&stayMonth=7&stayDay=26&stayCount=1&roomCount=1&adultNum=2&rootCd=01204526&distCd=05&smlCd=192002&ssc=204526&childPriceFlg=0,0,0,0,0&roomCrack=200000&screenId=UWW1402&yadNo=331630&callbackHistFlg=1",JR金沢駅正面に位置し、フットワークの良さが自慢のホテル,石川県 > 金沢・湯涌,https://cdn.jalan.jp/jalan/images/pictL/Y0/Y331630/Y331630838.jpg,https://cdn.jalan.jp/jalan/images/pictM/Y0/Y331630/Y331630455.jpg,https://cdn.jalan.jp/jalan/images/pictM/Y0/Y331630/Y331630458.jpg,https://cdn.jalan.jp/jalan/images/pictM/Y0/Y331630/Y331630636.jpg,"
 
 
 
 
 フォトギャラリー
 
 
 
 ",フォトギャラリー,"
 1泊 大人2名 合計(税込)
 ","11,000円～","1名 5,500円～",4.1,99件,朝食、接客高評価,"
 金沢駅兼六園口（東口）から徒歩１分！金沢が初めての方でも迷わずご来館頂けます。Ｃ/I前やＣ/Ｏ後もお荷物をお預かりしておりますので、身軽になってお仕事・観光にお出掛け下さい♪朝カレーが大好評！！
 ",【アクセス】,宿泊プラン,大人1名(税込),"
 合計(税込)
 
 1泊 大人2名
 
 ","https://www.jalan.net/uw/uwp3200/uww3201init.do?stayYear=2025&stayMonth=7&stayDay=26&stayCount=1&roomCount=1&adultNum=2&rootCd=01204526&distCd=05&smlCd=192002&ssc=204526&childPriceFlg=0,0,0,0,0&roomCrack=200000&screenId=UWW1402&yadNo=331630&planCd=03798502&roomTypeCd=0000405&pageListNumPlan=54_2_8_1&callbackHistFlg=1&ccnt=yadlist_cp_n_0_sale_n_0_pp_n_0","
 
 
 
 セミダブル
 
 
 
 
 
 
 
 
 
 
 
 朝のみ
 
 
 
 ","
 
 
 
 
 
 5,500円
 
 
 ",,,"
 
 
 
 
 
 
 11,000円
 
 
 
 
 ",,あと3部屋
天然温泉リラックスパーク　テルメ金沢,"https://www.jalan.net/uw/uwp3000/uww3001.do?stayYear=2025&stayMonth=7&stayDay=26&stayCount=1&roomCount=1&adultNum=2&rootCd=01204526&distCd=05&smlCd=192002&ssc=204526&childPriceFlg=0,0,0,0,0&roomCrack=200000&screenId=UWW1402&yadNo=324912&callbackHistFlg=1",サウナにマッサージ、カフェや食事処も充実！泊まれる温泉パーク♪,石川県 > 金沢・湯涌,https://cdn.jalan.jp/jalan/images/pictL/Y2/Y324912/Y324912390.jpg,https://cdn.jalan.jp/jalan/images/pictM/Y2/Y324912/Y324912308.jpg,https://cdn.jalan.jp/jalan/images/pictM/Y2/Y324912/Y324912324.jpg,https://cdn.jalan.jp/jalan/images/pictM/Y2/Y324912/Y324912395.jpg,"
 
 
 
 
 フォトギャラリー
 
 
 
 ",フォトギャラリー,"
 1泊 大人2名 合計(税込)
 ","23,940円～","1名 11,970円～",4.1,535件,風呂、夕食高評価,"
 金沢西ICすぐ！北陸最大級の泊まれる天然温泉パーク♪サウナにマッサージ、カフェやお食事処も充実！無料駐車場1000台完備
 ",【アクセス】,宿泊プラン,大人1名(税込),"
 合計(税込)
 
 1泊 大人2名
 
 ","https://www.jalan.net/uw/uwp3200/uww3201init.do?stayYear=2025&stayMonth=7&stayDay=26&stayCount=1&roomCount=1&adultNum=2&rootCd=01204526&distCd=05&smlCd=192002&ssc=204526&childPriceFlg=0,0,0,0,0&roomCrack=200000&screenId=UWW1402&yadNo=324912&planCd=04021978&roomTypeCd=0289567&pageListNumPlan=54_2_9_1&callbackHistFlg=1&ccnt=yadlist_cp_n_0_sale_y_5_pp_n_0","
 
 
 
 
 ツイン
 
 
 
 
 
 
 
 
 
 
 朝のみ
 
 
 
 ","
 
 
 
 
 
 14,800円
 
 
 ","
 14,060円
 ",通常料金,"
 
 
 
 
 
 
 29,600円
 
 
 
 
 ","
 
 
 
 
 
 
 28,120円
 
 
 
 
 ",あと1部屋
まごころ伝える小さなお宿 北陸金沢の創作加賀会席 旅館 橋本屋,"https://www.jalan.net/uw/uwp3000/uww3001.do?stayYear=2025&stayMonth=7&stayDay=26&stayCount=1&roomCount=1&adultNum=2&rootCd=01204526&distCd=05&smlCd=192002&ssc=204526&childPriceFlg=0,0,0,0,0&roomCrack=200000&screenId=UWW1402&yadNo=315508&callbackHistFlg=1",家族経営の心温まるおもてなしの宿。絶品加賀会席が自慢の隠れ家,石川県 > 金沢・湯涌,https://cdn.jalan.jp/jalan/images/pictL/Y8/Y315508/Y315508480.jpg,https://cdn.jalan.jp/jalan/images/pictM/Y8/Y315508/Y315508477.jpg,https://cdn.jalan.jp/jalan/images/pictM/Y8/Y315508/Y315508442.jpg,https://cdn.jalan.jp/jalan/images/pictM/Y8/Y315508/Y315508446.jpg,"
 
 
 
 
 フォトギャラリー
 
 
 
 ",フォトギャラリー,"
 1泊 大人2名 合計(税込)
 ","33,840円～","1名 16,920円～",4.4,377件,朝食、夕食、清潔感高評価,"
 【和洋室新設！】温かいおもてなしと能登北陸の食材のど黒・能登牛・鮑・加能蟹を使った絶品料理や治部煮を楽しめる旅館。地元の食通たちにも愛され社長自らが板長を務めるアットホームな雰囲気が魅力です

 ",【アクセス】,宿泊プラン,大人1名(税込),"
 合計(税込)
 
 1泊 大人2名
 
 ","https://www.jalan.net/uw/uwp3200/uww3201init.do?stayYear=2025&stayMonth=7&stayDay=26&stayCount=1&roomCount=1&adultNum=2&rootCd=01204526&distCd=05&smlCd=192002&ssc=204526&childPriceFlg=0,0,0,0,0&roomCrack=200000&screenId=UWW1402&yadNo=315508&planCd=03458585&roomTypeCd=0089646&pageListNumPlan=54_2_10_1&callbackHistFlg=1&ccnt=yadlist_cp_n_0_sale_y_10_pp_n_0","
 
 
 
 
 
 
 
 和室
 
 
 
 
 
 
 
 
 朝・夕
 
 
 ","
 
 
 
 
 
 18,800円
 
 
 ","
 16,920円
 ",通常料金,"
 
 
 
 
 
 
 37,600円
 
 
 
 
 ","
 
 
 
 
 
 
 33,840円
 
 
 
 
 ",あと3部屋
アパホテル〈金沢西〉,"https://www.jalan.net/uw/uwp3000/uww3001.do?stayYear=2025&stayMonth=7&stayDay=26&stayCount=1&roomCount=1&adultNum=2&rootCd=01204526&distCd=05&smlCd=192002&ssc=204526&childPriceFlg=0,0,0,0,0&roomCrack=200000&screenId=UWW1402&yadNo=322566&callbackHistFlg=1",市内・能登・和倉方面へ好アクセス！駐車場無料（大型車予約制）！,石川県 > 金沢・湯涌,https://cdn.jalan.jp/jalan/images/pictL/Y6/Y322566/Y322566AK8.jpg,https://cdn.jalan.jp/jalan/images/pictM/Y6/Y322566/Y322566AH6.jpg,https://cdn.jalan.jp/jalan/images/pictM/Y6/Y322566/Y322566AK1.jpg,https://cdn.jalan.jp/jalan/images/pictM/Y6/Y322566/Y322566AN1.jpg,"
 
 
 
 
 フォトギャラリー
 
 
 
 ",フォトギャラリー,"
 1泊 大人2名 合計(税込)
 ","12,240円～","1名 6,120円～",3.9,"1,520件",部屋、清潔感高評価,"
 普通車 無料平面駐車場100台あり、出し入れ自由（先着順）
（バイクの駐車も普通車と同じ区画にご案内）
石川県産業展示館（4号館）まで徒歩5分、石川県立野球場まで徒歩8分、
最寄りコンビニまで徒歩3分
 ",【アクセス】,宿泊プラン,大人1名(税込),"
 合計(税込)
 
 1泊 大人2名
 
 ","https://www.jalan.net/uw/uwp3200/uww3201init.do?stayYear=2025&stayMonth=7&stayDay=26&stayCount=1&roomCount=1&adultNum=2&rootCd=01204526&distCd=05&smlCd=192002&ssc=204526&childPriceFlg=0,0,0,0,0&roomCrack=200000&screenId=UWW1402&yadNo=322566&planCd=04079628&roomTypeCd=0073160&pageListNumPlan=54_2_11_1&callbackHistFlg=1&ccnt=yadlist_cp_n_0_sale_n_0_pp_n_0","
 
 
 
 セミダブル
 
 
 
 
 
 
 
 
 
 食事なし
 
 
 
 
 
 ","
 
 
 
 
 
 6,120円
 
 
 ",,,"
 
 
 
 
 
 
 12,240円
 
 
 
 
 ",,あと2部屋
アパホテル〈金沢片町〉,"https://www.jalan.net/uw/uwp3000/uww3001.do?stayYear=2025&stayMonth=7&stayDay=26&stayCount=1&roomCount=1&adultNum=2&rootCd=01204526&distCd=05&smlCd=192002&ssc=204526&childPriceFlg=0,0,0,0,0&roomCrack=200000&screenId=UWW1402&yadNo=326989&callbackHistFlg=1",アパホテル1号店（2018年全館フルリニューアル済）,石川県 > 金沢・湯涌,https://cdn.jalan.jp/jalan/images/pictL/Y9/Y326989/Y326989AS0.jpg,https://cdn.jalan.jp/jalan/images/pictM/Y9/Y326989/Y326989AP4.jpg,https://cdn.jalan.jp/jalan/images/pictM/Y9/Y326989/Y326989AS1.jpg,https://cdn.jalan.jp/jalan/images/pictM/Y9/Y326989/Y326989AQ5.jpg,"
 
 
 
 
 フォトギャラリー
 
 
 
 ",フォトギャラリー,"
 1泊 大人2名 合計(税込)
 ","11,160円～","1名 5,580円～",4.0,"1,382件",部屋、接客、風呂高評価,"
 兼六園・金沢城公園・にし茶屋街・21世紀美術館・本多の森北電ホール徒歩圏内、周辺飲食店多数、無料ネット環境（Wi-Fi＆有線LAN）、動画キャスト機能付き大型スマート液晶TV、コインランドリー完備
 ",【アクセス】,宿泊プラン,大人1名(税込),"
 合計(税込)
 
 1泊 大人2名
 
 ","https://www.jalan.net/uw/uwp3200/uww3201init.do?stayYear=2025&stayMonth=7&stayDay=26&stayCount=1&roomCount=1&adultNum=2&rootCd=01204526&distCd=05&smlCd=192002&ssc=204526&childPriceFlg=0,0,0,0,0&roomCrack=200000&screenId=UWW1402&yadNo=326989&planCd=03964066&roomTypeCd=0136163&pageListNumPlan=54_2_12_1&callbackHistFlg=1&ccnt=yadlist_cp_n_0_sale_n_0_pp_n_0","
 
 
 
 セミダブル
 
 
 
 
 
 
 
 
 
 食事なし
 
 
 
 
 
 ","
 
 
 
 
 
 5,580円
 
 
 ",,,"
 
 
 
 
 
 
 11,160円
 
 
 
 
 ",,あと3部屋
天然温泉金沢ゆめのゆ,"https://www.jalan.net/uw/uwp3000/uww3001.do?stayYear=2025&stayMonth=7&stayDay=26&stayCount=1&roomCount=1&adultNum=2&rootCd=01204526&distCd=05&smlCd=192002&ssc=204526&childPriceFlg=0,0,0,0,0&roomCrack=200000&screenId=UWW1402&yadNo=322414&callbackHistFlg=1",★天然温泉１００％健康ランド併設ホテル　金沢西ＩＣ～車で５分,石川県 > 金沢・湯涌,https://cdn.jalan.jp/jalan/images/pictL/Y4/Y322414/Y322414084.jpg,https://cdn.jalan.jp/jalan/images/pictM/Y4/Y322414/Y322414135.jpg,https://cdn.jalan.jp/jalan/images/pictM/Y4/Y322414/Y322414206.jpg,https://cdn.jalan.jp/jalan/images/pictM/Y4/Y322414/Y322414052.jpg,"
 
 
 
 
 フォトギャラリー
 
 
 
 ",フォトギャラリー,"
 1泊 大人2名 合計(税込)
 ","27,000円～","1名 13,500円～",4.0,444件,風呂高評価,"
 天然温泉と高濃度炭酸泉が人気。健康ランド併設ホテルで、健康ランドはチェックインの前から利用可能。金沢駅より無料シャトルバス運行中。1400台収容の無料駐車場あり。和・洋・中の他、インド料理が人気。
 ",【アクセス】,宿泊プラン,大人1名(税込),"
 合計(税込)
 
 1泊 大人2名
 
 ","https://www.jalan.net/uw/uwp3200/uww3201init.do?stayYear=2025&stayMonth=7&stayDay=26&stayCount=1&roomCount=1&adultNum=2&rootCd=01204526&distCd=05&smlCd=192002&ssc=204526&childPriceFlg=0,0,0,0,0&roomCrack=200000&screenId=UWW1402&yadNo=322414&planCd=04067271&roomTypeCd=0329286&pageListNumPlan=54_2_13_1&callbackHistFlg=1&ccnt=yadlist_cp_n_0_sale_y_10_pp_n_0","
 
 
 
 
 
 
 
 和室
 
 
 
 
 
 
 
 
 朝・夕
 
 
 ","
 
 
 
 
 
 15,000円
 
 
 ","
 13,500円
 ",通常料金,"
 
 
 
 
 
 
 30,000円
 
 
 
 
 ","
 
 
 
 
 
 
 27,000円
 
 
 
 
 ",あと2部屋
エイトポイントイン金沢,"https://www.jalan.net/uw/uwp3000/uww3001.do?stayYear=2025&stayMonth=7&stayDay=26&stayCount=1&roomCount=1&adultNum=2&rootCd=01204526&distCd=05&smlCd=192002&ssc=204526&childPriceFlg=0,0,0,0,0&roomCrack=200000&screenId=UWW1402&yadNo=384837&callbackHistFlg=1",【香林坊・片町】キャビンと個室を備えた好立地のスマートホテル,石川県 > 金沢・湯涌,https://cdn.jalan.jp/jalan/images/pictL/Y7/Y384837/Y384837138.jpg,https://cdn.jalan.jp/jalan/images/pictM/Y7/Y384837/Y384837133.jpg,https://cdn.jalan.jp/jalan/images/pictM/Y7/Y384837/Y384837129.jpg,https://cdn.jalan.jp/jalan/images/pictM/Y7/Y384837/Y384837135.jpg,"
 
 
 
 
 フォトギャラリー
 
 
 
 ",フォトギャラリー,"
 1泊 大人2名 合計(税込)
 ","25,650円～","1名 12,825円～",4.1,99件,清潔感、部屋高評価,"
 兼六園・金沢城はもちろん、金沢随一の繁華街「片町」にも近く、お気軽にステイできるスマートホテル。
女性専用キャビンやシャワールームもございますので、女性の方も安心してご宿泊いただけます。
 ",【アクセス】,宿泊プラン,大人1名(税込),"
 合計(税込)
 
 1泊 大人2名
 
 ","https://www.jalan.net/uw/uwp3200/uww3201init.do?stayYear=2025&stayMonth=7&stayDay=26&stayCount=1&roomCount=1&adultNum=2&rootCd=01204526&distCd=05&smlCd=192002&ssc=204526&childPriceFlg=0,0,0,0,0&roomCrack=200000&screenId=UWW1402&yadNo=384837&planCd=03439887&roomTypeCd=0502012&pageListNumPlan=54_2_14_1&callbackHistFlg=1&ccnt=yadlist_cp_n_0_sale_y_10_pp_n_0","
 
 
 
 
 
 トリプル
 
 
 
 
 
 
 
 食事なし
 
 
 
 
 
 ","
 
 
 
 
 
 14,250円
 
 
 ","
 12,825円
 ",通常料金,"
 
 
 
 
 
 
 28,500円
 
 
 
 
 ","
 
 
 
 
 
 
 25,650円
 
 
 
 
 ",あと1部屋
ファーストホテル金沢（2020年3月10日オープン）,"https://www.jalan.net/uw/uwp3000/uww3001.do?stayYear=2025&stayMonth=7&stayDay=26&stayCount=1&roomCount=1&adultNum=2&rootCd=01204526&distCd=05&smlCd=192002&ssc=204526&childPriceFlg=0,0,0,0,0&roomCrack=200000&screenId=UWW1402&yadNo=305289&callbackHistFlg=1",兼六園、21世紀美術館から1番近いホテル！リッチなお部屋で寛ぐ,石川県 > 金沢・湯涌,https://cdn.jalan.jp/jalan/images/pictL/Y9/Y305289/Y305289130.jpg,https://cdn.jalan.jp/jalan/images/pictM/Y9/Y305289/Y305289184.jpg,https://cdn.jalan.jp/jalan/images/pictM/Y9/Y305289/Y305289043.jpg,https://cdn.jalan.jp/jalan/images/pictM/Y9/Y305289/Y305289132.jpg,"
 
 
 
 
 フォトギャラリー
 
 
 
 ",フォトギャラリー,"
 1泊 大人2名 合計(税込)
 ","24,700円～","1名 12,350円～",4.2,116件,風呂、清潔感、部屋高評価,"
 金沢21世紀美術館真横！！
兼六園など主要な観光地も徒歩圏内、金沢観光のベストロケーション。
朝、夕食共に金沢らしさを楽しめると大好評！
１名様からご家族までゆったりと寛げるお部屋を多数ご用意。
 ",【アクセス】,宿泊プラン,大人1名(税込),"
 合計(税込)
 
 1泊 大人2名
 
 ","https://www.jalan.net/uw/uwp3200/uww3201init.do?stayYear=2025&stayMonth=7&stayDay=26&stayCount=1&roomCount=1&adultNum=2&rootCd=01204526&distCd=05&smlCd=192002&ssc=204526&childPriceFlg=0,0,0,0,0&roomCrack=200000&screenId=UWW1402&yadNo=305289&planCd=04056189&roomTypeCd=0448921&pageListNumPlan=54_2_15_1&callbackHistFlg=1&ccnt=yadlist_cp_n_0_sale_y_5_pp_n_0","
 
 
 
 
 ツイン
 
 
 
 
 
 
 
 
 
 
 朝のみ
 
 
 
 ","
 
 
 
 
 
 16,000円
 
 
 ","
 15,200円
 ",通常料金,"
 
 
 
 
 
 
 32,000円
 
 
 
 
 ","
 
 
 
 
 
 
 30,400円
 
 
 
 
 ",空室わずか
アパホテル〈金沢野町〉,"https://www.jalan.net/uw/uwp3000/uww3001.do?stayYear=2025&stayMonth=7&stayDay=26&stayCount=1&roomCount=1&adultNum=2&rootCd=01204526&distCd=05&smlCd=192002&ssc=204526&childPriceFlg=0,0,0,0,0&roomCrack=200000&screenId=UWW1402&yadNo=340718&callbackHistFlg=1",安らぎに満ちた閑静な住宅街のアパホテル,石川県 > 金沢・湯涌,https://cdn.jalan.jp/jalan/images/pictL/Y8/Y340718/Y340718968.jpg,https://cdn.jalan.jp/jalan/images/pictM/Y8/Y340718/Y340718282.jpg,https://cdn.jalan.jp/jalan/images/pictM/Y8/Y340718/Y340718930.jpg,https://cdn.jalan.jp/jalan/images/pictM/Y8/Y340718/Y340718480.jpg,"
 
 
 
 
 フォトギャラリー
 
 
 宿ブログ新着あり
 
 
 ",フォトギャラリー,"
 1泊 大人2名 合計(税込)
 ","12,000円～","1名 6,000円～",3.9,962件,部屋、接客高評価,"
 機能的な客室と充実した設備が魅力。ビジネスや観光の拠点に
 ",【アクセス】,宿泊プラン,大人1名(税込),"
 合計(税込)
 
 1泊 大人2名
 
 ","https://www.jalan.net/uw/uwp3200/uww3201init.do?stayYear=2025&stayMonth=7&stayDay=26&stayCount=1&roomCount=1&adultNum=2&rootCd=01204526&distCd=05&smlCd=192002&ssc=204526&childPriceFlg=0,0,0,0,0&roomCrack=200000&screenId=UWW1402&yadNo=340718&planCd=03963321&roomTypeCd=0048541&pageListNumPlan=54_2_16_1&callbackHistFlg=1&ccnt=yadlist_cp_n_0_sale_n_0_pp_n_0","
 
 
 
 
 ツイン
 
 
 
 
 
 
 
 
 食事なし
 
 
 
 
 
 ","
 
 
 
 
 
 7,900円
 
 
 ",,,"
 
 
 
 
 
 
 15,800円
 
 
 
 
 ",,空室わずか
HOTEL AO KANAZAWA,"https://www.jalan.net/uw/uwp3000/uww3001.do?stayYear=2025&stayMonth=7&stayDay=26&stayCount=1&roomCount=1&adultNum=2&rootCd=01204526&distCd=05&smlCd=192002&ssc=204526&childPriceFlg=0,0,0,0,0&roomCrack=200000&screenId=UWW1402&yadNo=369442&callbackHistFlg=1",【2024年9月オープン】心ゆくまで北陸の食を楽しむ旅へ,石川県 > 金沢・湯涌,https://cdn.jalan.jp/jalan/images/pictL/Y2/Y369442/Y369442030.jpg,https://cdn.jalan.jp/jalan/images/pictM/Y2/Y369442/Y369442085.jpg,https://cdn.jalan.jp/jalan/images/pictM/Y2/Y369442/Y369442044.jpg,https://cdn.jalan.jp/jalan/images/pictM/Y2/Y369442/Y369442052.jpg,"
 
 
 
 
 フォトギャラリー
 
 
 
 ",フォトギャラリー,"
 1泊 大人2名 合計(税込)
 ","38,760円～","1名 19,380円～",,,,"
 兼六園まで徒歩3分、石川門を臨む全15室の「HOTEL AO KANAZAWA」
食の宝庫、金沢の恵みを心ゆくまで味わい、心地よくゆったりと眠りにつく―
〈土地の食＋ステイ〉で自分の余白をつくる贅沢な時間を。

 ",【アクセス】,宿泊プラン,大人1名(税込),"
 合計(税込)
 
 1泊 大人2名
 
 ","https://www.jalan.net/uw/uwp3200/uww3201init.do?stayYear=2025&stayMonth=7&stayDay=26&stayCount=1&roomCount=1&adultNum=2&rootCd=01204526&distCd=05&smlCd=192002&ssc=204526&childPriceFlg=0,0,0,0,0&roomCrack=200000&screenId=UWW1402&yadNo=369442&planCd=04066060&roomTypeCd=0576479&pageListNumPlan=54_2_17_1&callbackHistFlg=1&ccnt=yadlist_cp_y_5000_sale_y_5_pp_n_0","
 
 ダブル
 
 
 
 
 
 
 
 
 
 
 
 
 
 
 朝・夕
 
 
 ","
 
 
 
 
 
 71,750円
 
 
 ","
 68,162円
 ",通常料金,"
 
 
 
 
 
 
 143,500円
 
 
 
 
 ","
 
 
 
 
 
 
 136,324円
 
 
 
 
 ",あと1部屋
ARIGATO STAY金沢駅前（旧ホテルトレンド金沢駅前）,"https://www.jalan.net/uw/uwp3000/uww3001.do?stayYear=2025&stayMonth=7&stayDay=26&stayCount=1&roomCount=1&adultNum=2&rootCd=01204526&distCd=05&smlCd=192002&ssc=204526&childPriceFlg=0,0,0,0,0&roomCrack=200000&screenId=UWW1402&yadNo=395573&callbackHistFlg=1",JR金沢駅から徒歩約4分！兼六園など金沢の名所にアクセス抜群！,石川県 > 金沢・湯涌,https://cdn.jalan.jp/jalan/images/pictL/Y3/Y395573/Y395573109.jpg,https://cdn.jalan.jp/jalan/images/pictM/Y3/Y395573/Y395573015.jpg,https://cdn.jalan.jp/jalan/images/pictM/Y3/Y395573/Y395573070.jpg,https://cdn.jalan.jp/jalan/images/pictM/Y3/Y395573/Y395573050.jpg,,,"
 1泊 大人2名 合計(税込)
 ","12,100円～","1名 6,050円～",4.0,228件,部屋、接客、清潔感高評価,"
 宿泊代に宿泊税が含まれております！☆JR金沢駅・西口徒歩4分★兼六園や金沢城など金沢の名所にアクセス抜群！
 ",【アクセス】,宿泊プラン,大人1名(税込),"
 合計(税込)
 
 1泊 大人2名
 
 ","https://www.jalan.net/uw/uwp3200/uww3201init.do?stayYear=2025&stayMonth=7&stayDay=26&stayCount=1&roomCount=1&adultNum=2&rootCd=01204526&distCd=05&smlCd=192002&ssc=204526&childPriceFlg=0,0,0,0,0&roomCrack=200000&screenId=UWW1402&yadNo=395573&planCd=02809460&roomTypeCd=0413624&pageListNumPlan=54_2_18_1&callbackHistFlg=1&ccnt=yadlist_cp_n_0_sale_y_5_pp_n_0","
 
 
 
 
 ツイン
 
 
 
 
 
 
 
 
 食事なし
 
 
 
 
 
 ","
 
 
 
 
 
 7,000円
 
 
 ","
 6,650円
 ",通常料金,"
 
 
 
 
 
 
 14,000円
 
 
 
 
 ","
 
 
 
 
 
 
 13,300円
 
 
 
 
 ",空室わずか
金沢ニューグランドホテルプレミア,"https://www.jalan.net/uw/uwp3000/uww3001.do?stayYear=2025&stayMonth=7&stayDay=26&stayCount=1&roomCount=1&adultNum=2&rootCd=01204526&distCd=05&smlCd=192002&ssc=204526&childPriceFlg=0,0,0,0,0&roomCrack=200000&screenId=UWW1402&yadNo=383226&callbackHistFlg=1",観光地まで徒歩圏内また訪れたくなる自分だけのもうひとつの我が家,石川県 > 金沢・湯涌,https://cdn.jalan.jp/jalan/images/pictL/Y6/Y383226/Y383226246.jpg,https://cdn.jalan.jp/jalan/images/pictM/Y6/Y383226/Y383226243.jpg,https://cdn.jalan.jp/jalan/images/pictM/Y6/Y383226/Y383226221.jpg,https://cdn.jalan.jp/jalan/images/pictM/Y6/Y383226/Y383226258.jpg,"
 
 
 
 
 フォトギャラリー
 
 
 
 ",フォトギャラリー,"
 1泊 大人2名 合計(税込)
 ","17,100円～","1名 8,550円～",4.0,249件,接客、朝食、部屋高評価,"
 鼠多門や鼠多門橋のライトアップまで徒歩圏内♪
＜夏休み企画＞7/19～8/31までご宿泊のお子様へアメニティセットプレゼント！（紐付きミニポーチ、歯ブラシ、タオル）
 ",【アクセス】,宿泊プラン,大人1名(税込),"
 合計(税込)
 
 1泊 大人2名
 
 ","https://www.jalan.net/uw/uwp3200/uww3201init.do?stayYear=2025&stayMonth=7&stayDay=26&stayCount=1&roomCount=1&adultNum=2&rootCd=01204526&distCd=05&smlCd=192002&ssc=204526&childPriceFlg=0,0,0,0,0&roomCrack=200000&screenId=UWW1402&yadNo=383226&planCd=04020934&roomTypeCd=0226743&pageListNumPlan=54_2_19_1&callbackHistFlg=1&ccnt=yadlist_cp_n_0_sale_y_5_pp_n_0","
 
 
 
 
 ツイン
 
 
 
 
 
 
 
 
 
 
 朝のみ
 
 
 
 ","
 
 
 
 
 
 17,300円
 
 
 ","
 16,435円
 ",通常料金,"
 
 
 
 
 
 
 34,600円
 
 
 
 
 ","
 
 
 
 
 
 
 32,870円
 
 
 
 
 ",あと3部屋
Tabist ビジネスホテルRサイド 金沢,"https://www.jalan.net/uw/uwp3000/uww3001.do?stayYear=2025&stayMonth=7&stayDay=26&stayCount=1&roomCount=1&adultNum=2&rootCd=01204526&distCd=05&smlCd=192002&ssc=204526&childPriceFlg=0,0,0,0,0&roomCrack=200000&screenId=UWW1402&yadNo=353572&callbackHistFlg=1",金沢駅から徒歩5分。兼六園・近江町市場も近く観光・ビジネスに,石川県 > 金沢・湯涌,https://cdn.jalan.jp/jalan/images/pictL/Y2/Y353572/Y353572047.jpg,https://cdn.jalan.jp/jalan/images/pictM/Y2/Y353572/Y353572051.jpg,https://cdn.jalan.jp/jalan/images/pictM/Y2/Y353572/Y353572059.jpg,https://cdn.jalan.jp/jalan/images/pictM/Y2/Y353572/Y353572045.jpg,,,"
 1泊 大人2名 合計(税込)
 ","18,050円～","1名 9,025円～",4.3,8件,接客、清潔感高評価,"
 金沢駅東口バス停から【城下まち金沢周遊バス】のご利用で
兼六園・21世紀美術館・近江町市場とおトクに金沢巡りを満喫できます。
家族経営の小さなお宿ですが真心のおもてなしでお迎えいたします。
 ",【アクセス】,宿泊プラン,大人1名(税込),"
 合計(税込)
 
 1泊 大人2名
 
 ","https://www.jalan.net/uw/uwp3200/uww3201init.do?stayYear=2025&stayMonth=7&stayDay=26&stayCount=1&roomCount=1&adultNum=2&rootCd=01204526&distCd=05&smlCd=192002&ssc=204526&childPriceFlg=0,0,0,0,0&roomCrack=200000&screenId=UWW1402&yadNo=353572&planCd=03183245&roomTypeCd=0441299&pageListNumPlan=54_2_20_1&callbackHistFlg=1&ccnt=yadlist_cp_n_0_sale_y_5_pp_n_0","
 
 
 
 
 
 トリプル
 
 
 
 
 
 
 
 食事なし
 
 
 
 
 
 ","
 
 
 
 
 
 9,500円
 
 
 ","
 9,025円
 ",通常料金,"
 
 
 
 
 
 
 19,000円
 
 
 
 
 ","
 
 
 
 
 
 
 18,050円
 
 
 
 
 ",あと1部屋
ダイアパレス大手門,"https://www.jalan.net/uw/uwp3000/uww3001.do?stayYear=2025&stayMonth=7&stayDay=26&stayCount=1&roomCount=1&adultNum=2&rootCd=01204526&distCd=05&smlCd=192002&ssc=204526&childPriceFlg=0,0,0,0,0&roomCrack=200000&screenId=UWW1402&yadNo=394718&callbackHistFlg=1",金沢の観光地へのアクセスも良好なマンションタイプの宿泊施設,石川県 > 金沢・湯涌,https://cdn.jalan.jp/jalan/images/pictL/Y8/Y394718/Y394718233.jpg,https://cdn.jalan.jp/jalan/images/pictM/Y8/Y394718/Y394718242.jpg,https://cdn.jalan.jp/jalan/images/pictM/Y8/Y394718/Y394718187.jpg,https://cdn.jalan.jp/jalan/images/pictM/Y8/Y394718/Y394718249.jpg,,,"
 1泊 大人2名 合計(税込)
 ","16,370円～","1名 8,185円～",,,,"
 金沢城、兼六園、近江町市場、ひがし茶屋街、21世紀美術館など金沢の観光スポットに囲まれ、金沢駅、繁華街へのアクセスも良好！ここを拠点に金沢観光を楽しみませんか？部屋タイプ多数！連泊にもおすすめ！
 ",【アクセス】,宿泊プラン,大人1名(税込),"
 合計(税込)
 
 1泊 大人2名
 
 ","https://www.jalan.net/uw/uwp3200/uww3201init.do?stayYear=2025&stayMonth=7&stayDay=26&stayCount=1&roomCount=1&adultNum=2&rootCd=01204526&distCd=05&smlCd=192002&ssc=204526&childPriceFlg=0,0,0,0,0&roomCrack=200000&screenId=UWW1402&yadNo=394718&planCd=04064256&roomTypeCd=0530173&pageListNumPlan=54_2_21_1&callbackHistFlg=1&ccnt=yadlist_cp_y_1000_sale_y_5_pp_n_0","
 
 
 シングル
 
 
 
 
 
 
 
 
 
 
 食事なし
 
 
 
 
 
 ","
 
 -円
 
 
 
 
 ","
 8,185円
 ",通常料金,"
 
 
 
 
 
 150,000円
 
 
 
 
 
 ","
 
 
 
 
 
 142,500円
 
 
 
 
 
 ",あと1部屋
アパホテル〈金沢片町〉EXCELLENT,"https://www.jalan.net/uw/uwp3000/uww3001.do?stayYear=2025&stayMonth=7&stayDay=26&stayCount=1&roomCount=1&adultNum=2&rootCd=01204526&distCd=05&smlCd=192002&ssc=204526&childPriceFlg=0,0,0,0,0&roomCrack=200000&screenId=UWW1402&yadNo=346894&callbackHistFlg=1",全室ジュニアスイート32平米以上でバス・トイレ別｜繁華街片町立地,石川県 > 金沢・湯涌,https://cdn.jalan.jp/jalan/images/pictL/Y4/Y346894/Y346894Ac3.jpg,https://cdn.jalan.jp/jalan/images/pictM/Y4/Y346894/Y346894Ad8.jpg,https://cdn.jalan.jp/jalan/images/pictM/Y4/Y346894/Y346894Aa9.jpg,https://cdn.jalan.jp/jalan/images/pictM/Y4/Y346894/Y346894Ad4.jpg,"
 
 
 
 
 フォトギャラリー
 
 
 
 ",フォトギャラリー,"
 1泊 大人2名 合計(税込)
 ","15,400円～","1名 7,700円～",3.9,730件,部屋高評価,"
 ドルチェグスト・加湿空気清浄機・電子レンジ・クローゼット・ズボンプレッサー・Wi-Fi完備｜兼六園・金沢城公園・21世紀美術館等主要観光地徒歩圏内
 ",【アクセス】,宿泊プラン,大人1名(税込),"
 合計(税込)
 
 1泊 大人2名
 
 ","https://www.jalan.net/uw/uwp3200/uww3201init.do?stayYear=2025&stayMonth=7&stayDay=26&stayCount=1&roomCount=1&adultNum=2&rootCd=01204526&distCd=05&smlCd=192002&ssc=204526&childPriceFlg=0,0,0,0,0&roomCrack=200000&screenId=UWW1402&yadNo=346894&planCd=04079632&roomTypeCd=0007792&pageListNumPlan=54_2_22_1&callbackHistFlg=1&ccnt=yadlist_cp_n_0_sale_n_0_pp_n_0","
 
 
 
 
 ツイン
 
 
 
 
 
 
 
 
 食事なし
 
 
 
 
 
 ","
 
 
 
 
 
 7,700円
 
 
 ",,,"
 
 
 
 
 
 
 15,400円
 
 
 
 
 ",,
四季の彩アパートメントホテル金沢,"https://www.jalan.net/uw/uwp3000/uww3001.do?stayYear=2025&stayMonth=7&stayDay=26&stayCount=1&roomCount=1&adultNum=2&rootCd=01204526&distCd=05&smlCd=192002&ssc=204526&childPriceFlg=0,0,0,0,0&roomCrack=200000&screenId=UWW1402&yadNo=365726&callbackHistFlg=1",2021年OPEN！全室キッチン、家電完備のアパートメントホテル　,石川県 > 金沢・湯涌,https://cdn.jalan.jp/jalan/images/pictL/Y6/Y365726/Y365726113.jpg,https://cdn.jalan.jp/jalan/images/pictM/Y6/Y365726/Y365726103.jpg,https://cdn.jalan.jp/jalan/images/pictM/Y6/Y365726/Y365726106.jpg,https://cdn.jalan.jp/jalan/images/pictM/Y6/Y365726/Y365726005.jpg,,,"
 1泊 大人2名 合計(税込)
 ","26,460円～","1名 13,230円～",,,,"
 「金沢で暮らすように旅する」をコンセプトに無人ホテルでプライベートな時間をご提供します。
全室キッチン、家電を完備。女子旅やご家族でのご旅行にも快適にお過ごしいただけます。
 ",【アクセス】,宿泊プラン,大人1名(税込),"
 合計(税込)
 
 1泊 大人2名
 
 ","https://www.jalan.net/uw/uwp3200/uww3201init.do?stayYear=2025&stayMonth=7&stayDay=26&stayCount=1&roomCount=1&adultNum=2&rootCd=01204526&distCd=05&smlCd=192002&ssc=204526&childPriceFlg=0,0,0,0,0&roomCrack=200000&screenId=UWW1402&yadNo=365726&planCd=03202552&roomTypeCd=0442132&pageListNumPlan=54_2_23_1&callbackHistFlg=1&ccnt=yadlist_cp_n_0_sale_y_10_pp_n_0","
 
 
 
 
 
 
 
 
 和洋室
 
 
 
 
 食事なし
 
 
 
 
 
 ","
 
 
 
 
 
 14,700円
 
 
 ","
 13,230円
 ",通常料金,"
 
 
 
 
 
 
 29,400円
 
 
 
 
 ","
 
 
 
 
 
 
 26,460円
 
 
 
 
 ",あと3部屋
ホテルリブマックス金沢駅前,"https://www.jalan.net/uw/uwp3000/uww3001.do?stayYear=2025&stayMonth=7&stayDay=26&stayCount=1&roomCount=1&adultNum=2&rootCd=01204526&distCd=05&smlCd=192002&ssc=204526&childPriceFlg=0,0,0,0,0&roomCrack=200000&screenId=UWW1402&yadNo=338155&callbackHistFlg=1",■ホテルリブマックス金沢駅前■ 金沢駅「西口」より約10分,石川県 > 金沢・湯涌,https://cdn.jalan.jp/jalan/images/pictL/Y5/Y338155/Y338155322.jpg,https://cdn.jalan.jp/jalan/images/pictM/Y5/Y338155/Y338155170.jpg,https://cdn.jalan.jp/jalan/images/pictM/Y5/Y338155/Y338155173.jpg,https://cdn.jalan.jp/jalan/images/pictM/Y5/Y338155/Y338155284.jpg,"
 
 
 
 
 フォトギャラリー
 
 
 
 ",フォトギャラリー,"
 1泊 大人2名 合計(税込)
 ","13,600円～","1名 6,800円～",3.8,14件,清潔感高評価,"
 ■ホテルリブマックス金沢駅前■【金沢駅徒歩約10分】♪Wi-Fi完備♪加湿機能付空気清浄機・電子レンジなど充実のルームアイテム♪
 ",【アクセス】,宿泊プラン,大人1名(税込),"
 合計(税込)
 
 1泊 大人2名
 
 ","https://www.jalan.net/uw/uwp3200/uww3201init.do?stayYear=2025&stayMonth=7&stayDay=26&stayCount=1&roomCount=1&adultNum=2&rootCd=01204526&distCd=05&smlCd=192002&ssc=204526&childPriceFlg=0,0,0,0,0&roomCrack=200000&screenId=UWW1402&yadNo=338155&planCd=04042618&roomTypeCd=0387593&pageListNumPlan=54_2_24_1&callbackHistFlg=1&ccnt=yadlist_cp_n_0_sale_y_15_pp_n_0","
 
 
 
 セミダブル
 
 
 
 
 
 
 
 
 
 食事なし
 
 
 
 
 
 ","
 
 
 
 
 
 8,000円
 
 
 ","
 6,800円
 ",通常料金,"
 
 
 
 
 
 
 16,000円
 
 
 
 
 ","
 
 
 
 
 
 
 13,600円
 
 
 
 
 ",空室わずか
